13:09:17.571 [main]INFO  utils.TestBase - <--DRIVER STARTED--><br>INSTALLING APP -> QATestApp-1.1.apk
13:10:35.835 [main]INFO  utils.TestBase - <--DRIVER STARTED-->
13:10:35.840 [main]INFO  utils.TestBase - INSTALLING APP -> QATestApp-1.1.apk
13:35:44.624 [main]INFO  utils.TestBase - ************* DRIVER STARTED *************
13:35:44.627 [main]INFO  utils.TestBase - ************* PLATFORM -> ANDROID
13:35:44.627 [main]INFO  utils.TestBase - ************* INSTALLING APP -> QATestApp-1.1.apk
19:28:05.725 [main]INFO  test.TC1_LoginTest - ************* DRIVER STARTED *************
19:28:05.727 [main]INFO  test.TC1_LoginTest - ************* PLATFORM -> ANDROID
19:28:05.728 [main]INFO  test.TC1_LoginTest - ************* INSTALLING APP -> QATestApp-1.1.apk
19:28:06.585 [main]ERROR test.TC1_LoginTest - Element not displayed within 20 seconds
19:30:15.890 [main]INFO  test.TC1_LoginTest - ************* DRIVER STARTED *************
19:30:15.893 [main]INFO  test.TC1_LoginTest - ************* PLATFORM -> ANDROID
19:30:15.893 [main]INFO  test.TC1_LoginTest - ************* INSTALLING APP -> QATestApp-1.1.apk
19:30:43.951 [main]ERROR test.TC1_LoginTest - Element not displayed within 20 seconds
19:35:07.963 [main]INFO  test.TC1_LoginTest - ************* DRIVER STARTED *************
19:35:07.965 [main]INFO  test.TC1_LoginTest - ************* PLATFORM -> ANDROID
19:35:07.965 [main]INFO  test.TC1_LoginTest - ************* INSTALLING APP -> QATestApp-1.1.apk
19:35:08.425 [main]ERROR test.TC1_LoginTest - Element not displayed within 20 seconds
19:36:14.992 [main]INFO  test.TC1_LoginTest - ************* DRIVER STARTED *************
19:36:14.997 [main]INFO  test.TC1_LoginTest - ************* PLATFORM -> ANDROID
19:36:14.997 [main]INFO  test.TC1_LoginTest - ************* INSTALLING APP -> QATestApp-1.1.apk
19:37:39.017 [main]ERROR test.TC1_LoginTest - Element not displayed within 20 seconds
19:39:21.849 [main]INFO  test.TC1_LoginTest - ************* DRIVER STARTED *************
19:39:21.852 [main]INFO  test.TC1_LoginTest - ************* PLATFORM -> ANDROID
19:39:21.852 [main]INFO  test.TC1_LoginTest - ************* INSTALLING APP -> QATestApp-1.1.apk
19:39:22.315 [main]ERROR test.TC1_LoginTest - Element not displayed within 20 seconds
19:44:42.793 [main]INFO  test.TC1_LoginTest - ************* DRIVER STARTED *************
19:44:42.797 [main]INFO  test.TC1_LoginTest - ************* PLATFORM -> ANDROID
19:44:42.798 [main]INFO  test.TC1_LoginTest - ************* INSTALLING APP -> QATestApp-1.1.apk
19:44:43.327 [main]ERROR test.TC1_LoginTest - Element not displayed within 20 seconds
19:47:31.223 [main]INFO  test.TC1_LoginTest - ************* DRIVER STARTED *************
19:47:31.226 [main]INFO  test.TC1_LoginTest - ************* PLATFORM -> ANDROID
19:47:31.226 [main]INFO  test.TC1_LoginTest - ************* INSTALLING APP -> QATestApp-1.1.apk
19:47:31.717 [main]ERROR test.TC1_LoginTest - Element not displayed within 20 seconds
19:48:44.158 [main]INFO  test.TC1_LoginTest - ************* DRIVER STARTED *************
19:48:44.162 [main]INFO  test.TC1_LoginTest - ************* PLATFORM -> ANDROID
19:48:44.162 [main]INFO  test.TC1_LoginTest - ************* INSTALLING APP -> QATestApp-1.1.apk
19:48:44.341 [main]ERROR test.TC1_LoginTest - Element not displayed within 20 seconds
19:50:01.648 [main]INFO  test.TC1_LoginTest - ************* DRIVER STARTED *************
19:50:01.649 [main]INFO  test.TC1_LoginTest - ************* PLATFORM -> ANDROID
19:50:01.650 [main]INFO  test.TC1_LoginTest - ************* INSTALLING APP -> QATestApp-1.1.apk
19:50:02.125 [main]ERROR test.TC1_LoginTest - Element not displayed within 20 seconds
19:51:07.716 [main]INFO  test.TC1_LoginTest - ************* DRIVER STARTED *************
19:51:07.719 [main]INFO  test.TC1_LoginTest - ************* PLATFORM -> ANDROID
19:51:07.719 [main]INFO  test.TC1_LoginTest - ************* INSTALLING APP -> QATestApp-1.1.apk
19:51:08.209 [main]ERROR test.TC1_LoginTest - Element not displayed within 20 seconds
19:55:32.917 [main]INFO  test.TC1_LoginTest - ************* DRIVER STARTED *************
19:55:32.918 [main]INFO  test.TC1_LoginTest - ************* PLATFORM -> ANDROID
19:55:32.918 [main]INFO  test.TC1_LoginTest - ************* INSTALLING APP -> QATestApp-1.1.apk
19:55:53.258 [main]ERROR test.TC1_LoginTest - Element not displayed within 20 seconds
19:56:49.328 [main]INFO  test.TC1_LoginTest - ************* DRIVER STARTED *************
19:56:49.331 [main]INFO  test.TC1_LoginTest - ************* PLATFORM -> ANDROID
19:56:49.331 [main]INFO  test.TC1_LoginTest - ************* INSTALLING APP -> QATestApp-1.1.apk
19:56:50.355 [main]INFO  test.TC1_LoginTest - Element is displayed within 20 seconds
19:56:52.061 [main]INFO  test.TC1_LoginTest - Text (userid) sent successfully to element: [[AndroidDriver:  on ANDROID (bb186e35-ed7a-4c9f-84e2-18c8eb7d4358)] -> xpath: //android.widget.EditText[@resource-id="com.qatestapp:id/emailTextField1"]]
19:56:52.115 [main]INFO  test.TC1_LoginTest - Error sending keys to the element: Unsupported CSS selector '*[name='input_password']'. Reason: ''name' is not a valid attribute. Supported attributes are 'checkable, checked, clickable, enabled, focusable, focused, long-clickable, scrollable, selected, index, instance, description, resource-id, text, class-name, package-name''
For documentation on this error, please visit: https://www.selenium.dev/documentation/webdriver/troubleshooting/errors#invalid-selector-exception
Build info: version: '4.30.0', revision: '509c7f17cc*'
System info: os.name: 'Windows 11', os.arch: 'amd64', os.version: '10.0', java.version: '23.0.1'
Driver info: io.appium.java_client.android.AndroidDriver
Command: [bb186e35-ed7a-4c9f-84e2-18c8eb7d4358, findElement {value=*[name='input_password'], using=css selector}]
Capabilities {appium:app: D:\AppiumPractice/apps/QATe..., appium:appActivity: com.qatestapp.SignIn, appium:appPackage: com.qatestapp, appium:automationName: UIAutomator2, appium:databaseEnabled: false, appium:desired: {app: D:\AppiumPractice/apps/QATe..., automationName: UIAutomator2, deviceName: pixel, platformName: ANDROID}, appium:deviceApiLevel: 30, appium:deviceManufacturer: Google, appium:deviceModel: sdk_gphone_x86_64, appium:deviceName: emulator-5554, appium:deviceScreenDensity: 440, appium:deviceScreenSize: 1080x2340, appium:deviceUDID: emulator-5554, appium:javascriptEnabled: true, appium:locationContextEnabled: false, appium:networkConnectionEnabled: true, appium:pixelRatio: 2.75, appium:platformVersion: 11, appium:statBarHeight: 145, appium:takesScreenshot: true, appium:viewportRect: {height: 2195, left: 0, top: 145, width: 1080}, appium:warnings: {}, appium:webStorageEnabled: false, platformName: ANDROID}
Session ID: bb186e35-ed7a-4c9f-84e2-18c8eb7d4358
19:57:32.016 [main]INFO  test.TC1_LoginTest - ************* DRIVER STARTED *************
19:57:32.019 [main]INFO  test.TC1_LoginTest - ************* PLATFORM -> ANDROID
19:57:32.020 [main]INFO  test.TC1_LoginTest - ************* INSTALLING APP -> QATestApp-1.1.apk
19:57:33.421 [main]INFO  test.TC1_LoginTest - Element is displayed within 20 seconds
19:57:35.404 [main]INFO  test.TC1_LoginTest - Text (userid) sent successfully to element: [[AndroidDriver:  on ANDROID (5f156e9c-d046-4e26-93ff-b120fe29de50)] -> xpath: //android.widget.EditText[@resource-id="com.qatestapp:id/emailTextField1"]]
19:57:36.656 [main]INFO  test.TC1_LoginTest - Text (password) sent successfully to element: [[AndroidDriver:  on ANDROID (5f156e9c-d046-4e26-93ff-b120fe29de50)] -> id: com.qatestapp:id/passwordTextField]
20:00:09.795 [main]INFO  test.TC1_LoginTest - ************* DRIVER STARTED *************
20:00:09.798 [main]INFO  test.TC1_LoginTest - ************* PLATFORM -> ANDROID
20:00:09.798 [main]INFO  test.TC1_LoginTest - ************* INSTALLING APP -> QATestApp-1.1.apk
20:00:10.816 [main]INFO  test.TC1_LoginTest - Element is displayed within 20 seconds
20:00:12.916 [main]INFO  test.TC1_LoginTest - Text (userid) sent successfully to element: [[AndroidDriver:  on ANDROID (55180d3c-6650-452d-adf8-4904f0a72ce8)] -> xpath: //android.widget.EditText[@resource-id="com.qatestapp:id/emailTextField1"]]
20:00:14.652 [main]INFO  test.TC1_LoginTest - Text (password) sent successfully to element: [[AndroidDriver:  on ANDROID (55180d3c-6650-452d-adf8-4904f0a72ce8)] -> id: com.qatestapp:id/passwordTextField]
20:00:14.990 [main]INFO  test.TC1_LoginTest - Element clicked successfully: [[AndroidDriver:  on ANDROID (55180d3c-6650-452d-adf8-4904f0a72ce8)] -> id: com.qatestapp:id/LoginButton]
20:47:47.801 [main]INFO  test.TC1_LoginTest - ************* DRIVER STARTED *************
20:47:47.803 [main]INFO  test.TC1_LoginTest - ************* PLATFORM -> ANDROID
20:47:47.804 [main]INFO  test.TC1_LoginTest - ************* INSTALLING APP -> QATestApp-1.1.apk
20:47:48.818 [main]INFO  test.TC1_LoginTest - Element is displayed within 20 seconds
20:48:54.178 [main]INFO  test.TC1_LoginTest - ************* DRIVER STARTED *************
20:48:54.180 [main]INFO  test.TC1_LoginTest - ************* PLATFORM -> ANDROID
20:48:54.180 [main]INFO  test.TC1_LoginTest - ************* INSTALLING APP -> QATestApp-1.1.apk
20:48:55.339 [main]INFO  test.TC1_LoginTest - Element is displayed within 20 seconds
20:48:57.397 [main]INFO  test.TC1_LoginTest - Text (userid) sent successfully to element: [[AndroidDriver:  on ANDROID (0845917b-7b23-4641-8d07-76bddc07ca7d)] -> xpath: //android.widget.EditText[@resource-id="com.qatestapp:id/emailTextField1"]]
20:48:59.108 [main]INFO  test.TC1_LoginTest - Text (password) sent successfully to element: [[AndroidDriver:  on ANDROID (0845917b-7b23-4641-8d07-76bddc07ca7d)] -> id: com.qatestapp:id/passwordTextField]
20:48:59.457 [main]INFO  test.TC1_LoginTest - Element clicked successfully: [[AndroidDriver:  on ANDROID (0845917b-7b23-4641-8d07-76bddc07ca7d)] -> id: com.qatestapp:id/LoginButton]
21:21:04.870 [main]INFO  test.TC1_LoginTest - ************* DRIVER STARTED *************
21:21:04.873 [main]INFO  test.TC1_LoginTest - ************* PLATFORM -> ANDROID
21:21:04.873 [main]INFO  test.TC1_LoginTest - ************* INSTALLING APP -> QATestApp-1.1.apk
21:21:06.183 [main]INFO  test.TC1_LoginTest - Element is displayed within 20 seconds
21:21:08.071 [main]INFO  test.TC1_LoginTest - Text (userid) sent successfully to element: [[AndroidDriver:  on ANDROID (712276c0-5f91-4250-b0ab-58be2fc5616c)] -> xpath: //android.widget.EditText[@resource-id="com.qatestapp:id/emailTextField1"]]
21:21:09.272 [main]INFO  test.TC1_LoginTest - Text (password) sent successfully to element: [[AndroidDriver:  on ANDROID (712276c0-5f91-4250-b0ab-58be2fc5616c)] -> id: com.qatestapp:id/passwordTextField]
21:21:09.508 [main]INFO  test.TC1_LoginTest - Element clicked successfully: [[AndroidDriver:  on ANDROID (712276c0-5f91-4250-b0ab-58be2fc5616c)] -> id: com.qatestapp:id/LoginButton]
21:52:59.497 [main]INFO  test.TC1_LoginTest - ************* DRIVER STARTED *************
21:52:59.500 [main]INFO  test.TC1_LoginTest - ************* PLATFORM -> ANDROID
21:52:59.500 [main]INFO  test.TC1_LoginTest - ************* INSTALLING APP -> QATestApp-1.1.apk
21:53:01.510 [main]INFO  test.TC1_LoginTest - Element is displayed within 20 seconds
21:53:04.129 [main]INFO  test.TC1_LoginTest - Text (userid) sent successfully to element: [[AndroidDriver:  on ANDROID (b566d53e-325e-45dd-8bb9-65de0554df76)] -> xpath: //android.widget.EditText[@resource-id="com.qatestapp:id/emailTextField1"]]
21:53:06.235 [main]INFO  test.TC1_LoginTest - Text (password) sent successfully to element: [[AndroidDriver:  on ANDROID (b566d53e-325e-45dd-8bb9-65de0554df76)] -> id: com.qatestapp:id/passwordTextField]
21:53:07.266 [main]INFO  test.TC1_LoginTest - Element clicked successfully: [[AndroidDriver:  on ANDROID (b566d53e-325e-45dd-8bb9-65de0554df76)] -> id: com.qatestapp:id/LoginButton]
22:30:21.579 [main]INFO  test.TC1_LoginTest - ************* DRIVER STARTED *************
22:30:21.585 [main]INFO  test.TC1_LoginTest - ************* PLATFORM -> ANDROID
22:30:21.585 [main]INFO  test.TC1_LoginTest - ************* INSTALLING APP -> QATestApp-1.1.apk
22:30:22.658 [main]INFO  test.TC1_LoginTest - Element is displayed within 20 seconds
22:30:24.690 [main]ERROR test.TC1_LoginTest - Error sending keys to the element: Cannot invoke "com.aventstack.extentreports.ExtentTest.pass(String, com.aventstack.extentreports.model.Media)" because the return value of "report.ReportManager.getExtentTest()" is null
22:31:55.332 [main]INFO  test.TC1_LoginTest - ************* DRIVER STARTED *************
22:31:55.334 [main]INFO  test.TC1_LoginTest - ************* PLATFORM -> ANDROID
22:31:55.334 [main]INFO  test.TC1_LoginTest - ************* INSTALLING APP -> QATestApp-1.1.apk
22:31:56.318 [main]INFO  test.TC1_LoginTest - Element is displayed within 20 seconds
22:31:58.187 [main]INFO  test.TC1_LoginTest - Text (userid) sent successfully to element: [[AndroidDriver:  on ANDROID (b4870afe-7d39-4d1f-9bcd-501af93649c0)] -> xpath: //android.widget.EditText[@resource-id="com.qatestapp:id/emailTextField1"]]
22:31:59.956 [main]INFO  test.TC1_LoginTest - Text (password) sent successfully to element: [[AndroidDriver:  on ANDROID (b4870afe-7d39-4d1f-9bcd-501af93649c0)] -> id: com.qatestapp:id/passwordTextField]
22:32:00.778 [main]INFO  test.TC1_LoginTest - Element clicked successfully: [[AndroidDriver:  on ANDROID (b4870afe-7d39-4d1f-9bcd-501af93649c0)] -> id: com.qatestapp:id/LoginButton]
22:33:20.134 [main]INFO  test.TC1_LoginTest - ************* DRIVER STARTED *************
22:33:20.139 [main]INFO  test.TC1_LoginTest - ************* PLATFORM -> ANDROID
22:33:20.140 [main]INFO  test.TC1_LoginTest - ************* INSTALLING APP -> QATestApp-1.1.apk
22:33:21.299 [main]INFO  test.TC1_LoginTest - Element is displayed within 20 seconds
22:33:23.249 [main]INFO  test.TC1_LoginTest - Text (userid) sent successfully to element: [[AndroidDriver:  on ANDROID (71d2c187-ced5-447a-861b-36cfe2a466bc)] -> xpath: //android.widget.EditText[@resource-id="com.qatestapp:id/emailTextField1"]]
22:33:24.982 [main]INFO  test.TC1_LoginTest - Text (password) sent successfully to element: [[AndroidDriver:  on ANDROID (71d2c187-ced5-447a-861b-36cfe2a466bc)] -> id: com.qatestapp:id/passwordTextField]
22:33:25.704 [main]INFO  test.TC1_LoginTest - Element clicked successfully: [[AndroidDriver:  on ANDROID (71d2c187-ced5-447a-861b-36cfe2a466bc)] -> id: com.qatestapp:id/LoginButton]
23:00:50.683 [main]INFO  test.TC1_LoginTest - ************* DRIVER STARTED *************
23:00:50.690 [main]INFO  test.TC1_LoginTest - ************* PLATFORM -> ANDROID
23:00:50.690 [main]INFO  test.TC1_LoginTest - ************* INSTALLING APP -> QATestApp-1.1.apk
23:00:52.018 [main]INFO  test.TC1_LoginTest - Element is displayed within 20 seconds
23:00:54.236 [main]INFO  test.TC1_LoginTest - Text (userid) sent successfully to element: [[AndroidDriver:  on ANDROID (3c0b4fc3-0dc1-4a5c-bcff-be5ba2690ce9)] -> xpath: //android.widget.EditText[@resource-id="com.qatestapp:id/emailTextField1"]]
23:00:56.041 [main]INFO  test.TC1_LoginTest - Text (password) sent successfully to element: [[AndroidDriver:  on ANDROID (3c0b4fc3-0dc1-4a5c-bcff-be5ba2690ce9)] -> id: com.qatestapp:id/passwordTextField]
23:00:56.851 [main]INFO  test.TC1_LoginTest - Element clicked successfully: [[AndroidDriver:  on ANDROID (3c0b4fc3-0dc1-4a5c-bcff-be5ba2690ce9)] -> id: com.qatestapp:id/LoginButton]
11:55:37.720 [main]INFO  test.TC1_LoginTest - ************* DRIVER STARTED *************
11:55:37.724 [main]INFO  test.TC1_LoginTest - ************* PLATFORM -> ANDROID
11:55:37.724 [main]INFO  test.TC1_LoginTest - ************* INSTALLING APP -> QATestApp-1.1.apk
11:55:42.320 [main]INFO  test.TC1_LoginTest - Element is displayed within 20 seconds
11:55:45.668 [main]INFO  test.TC1_LoginTest - Text (userid) sent successfully to element: [[AndroidDriver:  on ANDROID (14e55647-17ad-4930-9a01-a3928a89980d)] -> xpath: //android.widget.EditText[@resource-id="com.qatestapp:id/emailTextField1"]]
11:55:47.590 [main]INFO  test.TC1_LoginTest - Text (password) sent successfully to element: [[AndroidDriver:  on ANDROID (14e55647-17ad-4930-9a01-a3928a89980d)] -> id: com.qatestapp:id/passwordTextField]
11:55:48.312 [main]INFO  test.TC1_LoginTest - Element clicked successfully: [[AndroidDriver:  on ANDROID (14e55647-17ad-4930-9a01-a3928a89980d)] -> id: com.qatestapp:id/LoginButton]
11:56:08.509 [main]ERROR test.TC1_LoginTest - Element not displayed within 20 seconds
11:56:19.517 [main]ERROR test.TC1_LoginTest - Error sending keys to the element: Expected condition failed: waiting for element to be clickable: Proxy element for: DefaultElementLocator 'By.id: com.qatestapp:id/nameTextField' (tried for 10 second(s) with 500 milliseconds interval)
11:56:30.284 [main]ERROR test.TC1_LoginTest - Error sending keys to the element: Expected condition failed: waiting for element to be clickable: Proxy element for: DefaultElementLocator 'By.id: com.qatestapp:id/emailTextField' (tried for 10 second(s) with 500 milliseconds interval)
11:56:40.814 [main]ERROR test.TC1_LoginTest - Error sending keys to the element: Expected condition failed: waiting for element to be clickable: Proxy element for: DefaultElementLocator 'By.id: com.qatestapp:id/phoneNumberTextField' (tried for 10 second(s) with 500 milliseconds interval)
11:56:51.516 [main]ERROR test.TC1_LoginTest - Error clicking the element: Expected condition failed: waiting for element to be clickable: Proxy element for: DefaultElementLocator 'By.id: com.qatestapp:id/button2' (tried for 10 second(s) with 500 milliseconds interval)
12:00:39.058 [main]INFO  test.TC1_LoginTest - ************* DRIVER STARTED *************
12:00:39.060 [main]INFO  test.TC1_LoginTest - ************* PLATFORM -> ANDROID
12:00:39.060 [main]INFO  test.TC1_LoginTest - ************* INSTALLING APP -> QATestApp-1.1.apk
12:00:39.819 [main]INFO  test.TC1_LoginTest - Element is displayed within 20 seconds
12:00:41.713 [main]INFO  test.TC1_LoginTest - Text (userid) sent successfully to element: [[AndroidDriver:  on ANDROID (41514a69-a311-446a-9812-710385d44738)] -> xpath: //android.widget.EditText[@resource-id="com.qatestapp:id/emailTextField1"]]
12:00:43.380 [main]INFO  test.TC1_LoginTest - Text (password) sent successfully to element: [[AndroidDriver:  on ANDROID (41514a69-a311-446a-9812-710385d44738)] -> id: com.qatestapp:id/passwordTextField]
12:00:44.068 [main]INFO  test.TC1_LoginTest - Element clicked successfully: [[AndroidDriver:  on ANDROID (41514a69-a311-446a-9812-710385d44738)] -> id: com.qatestapp:id/LoginButton]
12:01:04.208 [main]ERROR test.TC1_LoginTest - Element not displayed within 20 seconds
12:01:15.242 [main]ERROR test.TC1_LoginTest - Error sending keys to the element: Expected condition failed: waiting for element to be clickable: Proxy element for: DefaultElementLocator 'By.id: com.qatestapp:id/nameTextField' (tried for 10 second(s) with 500 milliseconds interval)
12:01:25.841 [main]ERROR test.TC1_LoginTest - Error sending keys to the element: Expected condition failed: waiting for element to be clickable: Proxy element for: DefaultElementLocator 'By.id: com.qatestapp:id/emailTextField' (tried for 10 second(s) with 500 milliseconds interval)
12:01:36.343 [main]ERROR test.TC1_LoginTest - Error sending keys to the element: Expected condition failed: waiting for element to be clickable: Proxy element for: DefaultElementLocator 'By.id: com.qatestapp:id/phoneNumberTextField' (tried for 10 second(s) with 500 milliseconds interval)
12:01:46.862 [main]ERROR test.TC1_LoginTest - Error clicking the element: Expected condition failed: waiting for element to be clickable: Proxy element for: DefaultElementLocator 'By.id: com.qatestapp:id/button2' (tried for 10 second(s) with 500 milliseconds interval)
12:03:48.504 [main]INFO  test.TC1_LoginTest - ************* DRIVER STARTED *************
12:03:48.507 [main]INFO  test.TC1_LoginTest - ************* PLATFORM -> ANDROID
12:03:48.507 [main]INFO  test.TC1_LoginTest - ************* INSTALLING APP -> QATestApp-1.1.apk
12:03:49.500 [main]INFO  test.TC1_LoginTest - Element is displayed within 20 seconds
12:03:51.288 [main]INFO  test.TC1_LoginTest - Text (userid) sent successfully to element: [[AndroidDriver:  on ANDROID (e619d74b-1bc7-4264-84e1-9407377095fd)] -> xpath: //android.widget.EditText[@resource-id="com.qatestapp:id/emailTextField1"]]
12:03:52.953 [main]INFO  test.TC1_LoginTest - Text (password) sent successfully to element: [[AndroidDriver:  on ANDROID (e619d74b-1bc7-4264-84e1-9407377095fd)] -> id: com.qatestapp:id/passwordTextField]
12:03:53.661 [main]INFO  test.TC1_LoginTest - Element clicked successfully: [[AndroidDriver:  on ANDROID (e619d74b-1bc7-4264-84e1-9407377095fd)] -> id: com.qatestapp:id/LoginButton]
12:04:13.999 [main]ERROR test.TC1_LoginTest - Element not displayed within 20 seconds
12:04:24.636 [main]ERROR test.TC1_LoginTest - Error sending keys to the element: Expected condition failed: waiting for element to be clickable: Proxy element for: DefaultElementLocator 'By.id: com.qatestapp:id/nameTextField' (tried for 10 second(s) with 500 milliseconds interval)
12:04:35.155 [main]ERROR test.TC1_LoginTest - Error sending keys to the element: Expected condition failed: waiting for element to be clickable: Proxy element for: DefaultElementLocator 'By.id: com.qatestapp:id/emailTextField' (tried for 10 second(s) with 500 milliseconds interval)
12:04:45.713 [main]ERROR test.TC1_LoginTest - Error sending keys to the element: Expected condition failed: waiting for element to be clickable: Proxy element for: DefaultElementLocator 'By.id: com.qatestapp:id/phoneNumberTextField' (tried for 10 second(s) with 500 milliseconds interval)
12:04:56.278 [main]ERROR test.TC1_LoginTest - Error clicking the element: Expected condition failed: waiting for element to be clickable: Proxy element for: DefaultElementLocator 'By.id: com.qatestapp:id/button2' (tried for 10 second(s) with 500 milliseconds interval)
12:16:56.342 [main]INFO  test.TC1_LoginTest - ************* DRIVER STARTED *************
12:16:56.346 [main]INFO  test.TC1_LoginTest - ************* PLATFORM -> ANDROID
12:16:56.347 [main]INFO  test.TC1_LoginTest - ************* INSTALLING APP -> QATestApp-1.1.apk
12:16:57.456 [main]INFO  test.TC1_LoginTest - Element is displayed within 20 seconds
12:16:59.412 [main]INFO  test.TC1_LoginTest - Text (userid) sent successfully to element: [[AndroidDriver:  on ANDROID (f1ff6c0a-329b-4a51-aa1b-cea331451d4e)] -> xpath: //android.widget.EditText[@resource-id="com.qatestapp:id/emailTextField1"]]
12:17:01.424 [main]INFO  test.TC1_LoginTest - Text (password) sent successfully to element: [[AndroidDriver:  on ANDROID (f1ff6c0a-329b-4a51-aa1b-cea331451d4e)] -> id: com.qatestapp:id/passwordTextField]
12:17:02.141 [main]INFO  test.TC1_LoginTest - Element clicked successfully: [[AndroidDriver:  on ANDROID (f1ff6c0a-329b-4a51-aa1b-cea331451d4e)] -> id: com.qatestapp:id/LoginButton]
12:17:22.677 [main]ERROR test.TC1_LoginTest - Element not displayed within 20 seconds
12:17:33.705 [main]ERROR test.TC1_LoginTest - Error sending keys to the element: Expected condition failed: waiting for element to be clickable: Proxy element for: DefaultElementLocator 'By.id: com.qatestapp:id/nameTextField' (tried for 10 second(s) with 500 milliseconds interval)
12:17:44.257 [main]ERROR test.TC1_LoginTest - Error sending keys to the element: Expected condition failed: waiting for element to be clickable: Proxy element for: DefaultElementLocator 'By.id: com.qatestapp:id/emailTextField' (tried for 10 second(s) with 500 milliseconds interval)
12:17:54.765 [main]ERROR test.TC1_LoginTest - Error sending keys to the element: Expected condition failed: waiting for element to be clickable: Proxy element for: DefaultElementLocator 'By.id: com.qatestapp:id/phoneNumberTextField' (tried for 10 second(s) with 500 milliseconds interval)
12:18:05.270 [main]ERROR test.TC1_LoginTest - Error clicking the element: Expected condition failed: waiting for element to be clickable: Proxy element for: DefaultElementLocator 'By.id: com.qatestapp:id/button2' (tried for 10 second(s) with 500 milliseconds interval)
12:20:33.740 [main]INFO  test.TC1_LoginTest - ************* DRIVER STARTED *************
12:20:33.742 [main]INFO  test.TC1_LoginTest - ************* PLATFORM -> ANDROID
12:20:33.742 [main]INFO  test.TC1_LoginTest - ************* INSTALLING APP -> QATestApp-1.1.apk
12:20:38.279 [main]INFO  test.TC1_LoginTest - Element is displayed within 20 seconds
12:20:40.084 [main]INFO  test.TC1_LoginTest - Text (userid) sent successfully to element: [[AndroidDriver:  on ANDROID (de0ecbf8-b2d4-4d75-8e1c-88e2000ef714)] -> xpath: //android.widget.EditText[@resource-id="com.qatestapp:id/emailTextField1"]]
12:20:41.762 [main]INFO  test.TC1_LoginTest - Text (password) sent successfully to element: [[AndroidDriver:  on ANDROID (de0ecbf8-b2d4-4d75-8e1c-88e2000ef714)] -> id: com.qatestapp:id/passwordTextField]
12:20:42.435 [main]INFO  test.TC1_LoginTest - Element clicked successfully: [[AndroidDriver:  on ANDROID (de0ecbf8-b2d4-4d75-8e1c-88e2000ef714)] -> id: com.qatestapp:id/LoginButton]
12:21:57.162 [main]INFO  test.TC1_LoginTest - ************* DRIVER STARTED *************
12:21:57.167 [main]INFO  test.TC1_LoginTest - ************* PLATFORM -> ANDROID
12:21:57.169 [main]INFO  test.TC1_LoginTest - ************* INSTALLING APP -> QATestApp-1.1.apk
12:21:58.192 [main]INFO  test.TC1_LoginTest - Element is displayed within 20 seconds
12:22:00.226 [main]INFO  test.TC1_LoginTest - Text (userid) sent successfully to element: [[AndroidDriver:  on ANDROID (acc10e32-d646-45c2-80fd-95b997099e92)] -> xpath: //android.widget.EditText[@resource-id="com.qatestapp:id/emailTextField1"]]
12:22:02.522 [main]INFO  test.TC1_LoginTest - Text (password) sent successfully to element: [[AndroidDriver:  on ANDROID (acc10e32-d646-45c2-80fd-95b997099e92)] -> id: com.qatestapp:id/passwordTextField]
12:22:03.219 [main]INFO  test.TC1_LoginTest - Element clicked successfully: [[AndroidDriver:  on ANDROID (acc10e32-d646-45c2-80fd-95b997099e92)] -> id: com.qatestapp:id/LoginButton]
12:22:23.618 [main]ERROR test.TC1_LoginTest - Element not displayed within 20 seconds
12:22:34.521 [main]ERROR test.TC1_LoginTest - Error sending keys to the element: Expected condition failed: waiting for element to be clickable: Proxy element for: DefaultElementLocator 'By.id: com.qatestapp:id/nameTextField' (tried for 10 second(s) with 500 milliseconds interval)
12:22:45.096 [main]ERROR test.TC1_LoginTest - Error sending keys to the element: Expected condition failed: waiting for element to be clickable: Proxy element for: DefaultElementLocator 'By.id: com.qatestapp:id/emailTextField' (tried for 10 second(s) with 500 milliseconds interval)
12:22:55.398 [main]ERROR test.TC1_LoginTest - Error sending keys to the element: Expected condition failed: waiting for element to be clickable: Proxy element for: DefaultElementLocator 'By.id: com.qatestapp:id/phoneNumberTextField' (tried for 10 second(s) with 500 milliseconds interval)
12:23:05.793 [main]ERROR test.TC1_LoginTest - Error clicking the element: Expected condition failed: waiting for element to be clickable: Proxy element for: DefaultElementLocator 'By.id: com.qatestapp:id/button2' (tried for 10 second(s) with 500 milliseconds interval)
12:23:40.828 [main]INFO  test.TC1_LoginTest - ************* DRIVER STARTED *************
12:23:40.832 [main]INFO  test.TC1_LoginTest - ************* PLATFORM -> ANDROID
12:23:40.833 [main]INFO  test.TC1_LoginTest - ************* INSTALLING APP -> QATestApp-1.1.apk
12:23:42.030 [main]INFO  test.TC1_LoginTest - Element is displayed within 20 seconds
12:23:43.968 [main]INFO  test.TC1_LoginTest - Text (userid) sent successfully to element: [[AndroidDriver:  on ANDROID (5cfe7e02-3b11-4e23-8ebb-66d10865c36e)] -> xpath: //android.widget.EditText[@resource-id="com.qatestapp:id/emailTextField1"]]
12:23:45.682 [main]INFO  test.TC1_LoginTest - Text (password) sent successfully to element: [[AndroidDriver:  on ANDROID (5cfe7e02-3b11-4e23-8ebb-66d10865c36e)] -> id: com.qatestapp:id/passwordTextField]
12:23:46.410 [main]INFO  test.TC1_LoginTest - Element clicked successfully: [[AndroidDriver:  on ANDROID (5cfe7e02-3b11-4e23-8ebb-66d10865c36e)] -> id: com.qatestapp:id/LoginButton]
12:24:06.905 [main]ERROR test.TC1_LoginTest - Element not displayed within 20 seconds
12:24:17.496 [main]ERROR test.TC1_LoginTest - Error sending keys to the element: Expected condition failed: waiting for element to be clickable: Proxy element for: DefaultElementLocator 'By.id: com.qatestapp:id/nameTextField' (tried for 10 second(s) with 500 milliseconds interval)
12:24:27.995 [main]ERROR test.TC1_LoginTest - Error sending keys to the element: Expected condition failed: waiting for element to be clickable: Proxy element for: DefaultElementLocator 'By.id: com.qatestapp:id/emailTextField' (tried for 10 second(s) with 500 milliseconds interval)
12:24:38.596 [main]ERROR test.TC1_LoginTest - Error sending keys to the element: Expected condition failed: waiting for element to be clickable: Proxy element for: DefaultElementLocator 'By.id: com.qatestapp:id/phoneNumberTextField' (tried for 10 second(s) with 500 milliseconds interval)
12:24:49.144 [main]ERROR test.TC1_LoginTest - Error clicking the element: Expected condition failed: waiting for element to be clickable: Proxy element for: DefaultElementLocator 'By.id: com.qatestapp:id/button2' (tried for 10 second(s) with 500 milliseconds interval)
12:30:39.388 [main]INFO  test.TC1_LoginTest - ************* DRIVER STARTED *************
12:30:39.390 [main]INFO  test.TC1_LoginTest - ************* PLATFORM -> ANDROID
12:30:39.390 [main]INFO  test.TC1_LoginTest - ************* INSTALLING APP -> QATestApp-1.1.apk
12:30:40.404 [main]INFO  test.TC1_LoginTest - Element is displayed within 20 seconds
12:30:42.320 [main]INFO  test.TC1_LoginTest - Text (userid) sent successfully to element: [[AndroidDriver:  on ANDROID (234e2031-55ad-4bbb-b2bf-cf175f932706)] -> xpath: //android.widget.EditText[@resource-id="com.qatestapp:id/emailTextField1"]]
12:30:44.001 [main]INFO  test.TC1_LoginTest - Text (password) sent successfully to element: [[AndroidDriver:  on ANDROID (234e2031-55ad-4bbb-b2bf-cf175f932706)] -> id: com.qatestapp:id/passwordTextField]
12:30:44.660 [main]INFO  test.TC1_LoginTest - Element clicked successfully: [[AndroidDriver:  on ANDROID (234e2031-55ad-4bbb-b2bf-cf175f932706)] -> id: com.qatestapp:id/LoginButton]
12:31:04.727 [main]ERROR test.TC1_LoginTest - Element not displayed within 20 seconds
12:38:02.047 [main]INFO  test.TC1_LoginTest - ************* DRIVER STARTED *************
12:38:02.049 [main]INFO  test.TC1_LoginTest - ************* PLATFORM -> ANDROID
12:38:02.050 [main]INFO  test.TC1_LoginTest - ************* INSTALLING APP -> QATestApp-1.1.apk
12:38:03.076 [main]INFO  test.TC1_LoginTest - Element is displayed within 20 seconds
12:38:05.032 [main]INFO  test.TC1_LoginTest - Text (userid) sent successfully to element: [[AndroidDriver:  on ANDROID (eb1956e9-70fc-4b2d-89cf-3e14091b07b8)] -> xpath: //android.widget.EditText[@resource-id="com.qatestapp:id/emailTextField1"]]
12:38:06.725 [main]INFO  test.TC1_LoginTest - Text (password) sent successfully to element: [[AndroidDriver:  on ANDROID (eb1956e9-70fc-4b2d-89cf-3e14091b07b8)] -> id: com.qatestapp:id/passwordTextField]
12:38:07.403 [main]INFO  test.TC1_LoginTest - Element clicked successfully: [[AndroidDriver:  on ANDROID (eb1956e9-70fc-4b2d-89cf-3e14091b07b8)] -> id: com.qatestapp:id/LoginButton]
12:38:27.492 [main]ERROR test.TC1_LoginTest - Element not displayed within 20 seconds
13:25:14.577 [main]INFO  test.TC1_LoginTest - ************* DRIVER STARTED *************
13:25:14.579 [main]INFO  test.TC1_LoginTest - ************* PLATFORM -> ANDROID
13:25:14.580 [main]INFO  test.TC1_LoginTest - ************* INSTALLING APP -> QATestApp-1.1.apk
13:25:15.563 [main]INFO  test.TC1_LoginTest - Element is displayed within 20 seconds
13:25:17.468 [main]INFO  test.TC1_LoginTest - Text (userid) sent successfully to element: [[AndroidDriver:  on ANDROID (73f82d81-f8fb-4e04-be25-179a2589b7c1)] -> xpath: //android.widget.EditText[@resource-id="com.qatestapp:id/emailTextField1"]]
13:25:19.180 [main]INFO  test.TC1_LoginTest - Text (password) sent successfully to element: [[AndroidDriver:  on ANDROID (73f82d81-f8fb-4e04-be25-179a2589b7c1)] -> id: com.qatestapp:id/passwordTextField]
13:25:19.850 [main]INFO  test.TC1_LoginTest - Element clicked successfully: [[AndroidDriver:  on ANDROID (73f82d81-f8fb-4e04-be25-179a2589b7c1)] -> id: com.qatestapp:id/LoginButton]
13:25:40.232 [main]ERROR test.TC1_LoginTest - Element not displayed within 20 seconds
13:25:50.973 [main]ERROR test.TC1_LoginTest - Error sending keys to the element: Expected condition failed: waiting for element to be clickable: Proxy element for: DefaultElementLocator 'By.id: com.qatestapp:id/nameTextField' (tried for 10 second(s) with 500 milliseconds interval)
13:26:01.486 [main]ERROR test.TC1_LoginTest - Error sending keys to the element: Expected condition failed: waiting for element to be clickable: Proxy element for: DefaultElementLocator 'By.id: com.qatestapp:id/emailTextField' (tried for 10 second(s) with 500 milliseconds interval)
13:26:12.056 [main]ERROR test.TC1_LoginTest - Error sending keys to the element: Expected condition failed: waiting for element to be clickable: Proxy element for: DefaultElementLocator 'By.id: com.qatestapp:id/phoneNumberTextField' (tried for 10 second(s) with 500 milliseconds interval)
13:26:22.487 [main]ERROR test.TC1_LoginTest - Error clicking the element: Expected condition failed: waiting for element to be clickable: Proxy element for: DefaultElementLocator 'By.id: com.qatestapp:id/button2' (tried for 10 second(s) with 500 milliseconds interval)
13:45:04.898 [main]INFO  test.TC1_LoginTest - ************* DRIVER STARTED *************
13:45:04.902 [main]INFO  test.TC1_LoginTest - ************* PLATFORM -> ANDROID
13:45:04.902 [main]INFO  test.TC1_LoginTest - ************* INSTALLING APP -> QATestApp-1.1.apk
13:45:05.966 [main]INFO  test.TC1_LoginTest - Element is displayed within 20 seconds
13:45:07.943 [main]INFO  test.TC1_LoginTest - Text (helloworld@gmail.com) sent successfully to element: [[AndroidDriver:  on ANDROID (4a8c9217-6154-402b-b9e1-05919349adcb)] -> xpath: //android.widget.EditText[@resource-id="com.qatestapp:id/emailTextField1"]]
13:45:09.658 [main]INFO  test.TC1_LoginTest - Text (testing1234) sent successfully to element: [[AndroidDriver:  on ANDROID (4a8c9217-6154-402b-b9e1-05919349adcb)] -> id: com.qatestapp:id/passwordTextField]
13:45:10.330 [main]INFO  test.TC1_LoginTest - Element clicked successfully: [[AndroidDriver:  on ANDROID (4a8c9217-6154-402b-b9e1-05919349adcb)] -> id: com.qatestapp:id/LoginButton]
13:45:12.116 [main]INFO  test.TC1_LoginTest - Element is displayed within 20 seconds
13:45:14.229 [main]INFO  test.TC1_LoginTest - Text (Praveen) sent successfully to element: [[AndroidDriver:  on ANDROID (4a8c9217-6154-402b-b9e1-05919349adcb)] -> id: com.qatestapp:id/nameTextField]
13:45:15.880 [main]INFO  test.TC1_LoginTest - Text (praveen.kingsley@w.in) sent successfully to element: [[AndroidDriver:  on ANDROID (4a8c9217-6154-402b-b9e1-05919349adcb)] -> id: com.qatestapp:id/emailTextField]
13:45:17.582 [main]INFO  test.TC1_LoginTest - Text (9876543210) sent successfully to element: [[AndroidDriver:  on ANDROID (4a8c9217-6154-402b-b9e1-05919349adcb)] -> id: com.qatestapp:id/phoneNumberTextField]
13:45:18.549 [main]INFO  test.TC1_LoginTest - Element clicked successfully: Proxy element for: DefaultElementLocator 'By.id: com.qatestapp:id/button2'
15:14:37.844 [main]INFO  test.TC2_AccessibilityTest - ************* DRIVER STARTED *************
15:14:37.848 [main]INFO  test.TC2_AccessibilityTest - ************* PLATFORM -> ANDROID
15:14:37.848 [main]INFO  test.TC2_AccessibilityTest - ************* INSTALLING APP -> ApiDemos-debug.apk
15:14:38.941 [main]INFO  test.TC2_AccessibilityTest - Element is displayed within 20 seconds
15:14:41.162 [main]INFO  test.TC2_AccessibilityTest - Element clicked successfully: Proxy element for: DefaultElementLocator 'By.xpath: //android.widget.TextView[@content-desc="Accessibility"]'
15:14:41.341 [main]INFO  test.TC2_AccessibilityTest - Element is displayed within 20 seconds
15:14:43.747 [main]INFO  test.TC2_AccessibilityTest - Element clicked successfully: Proxy element for: DefaultElementLocator 'By.xpath: //android.widget.TextView[@content-desc="Accessibility Node Querying"]'
15:14:43.880 [main]INFO  test.TC2_AccessibilityTest - INTO waitForElementsToBeDisplayed method for [[[AndroidDriver:  on ANDROID (700899d8-3bb2-4b1c-b8d9-1b2723bfd7dd)] -> xpath: //android.widget.CheckBox[@resource-id="io.appium.android.apis:id/tasklist_finished"]], [[AndroidDriver:  on ANDROID (700899d8-3bb2-4b1c-b8d9-1b2723bfd7dd)] -> xpath: //android.widget.CheckBox[@resource-id="io.appium.android.apis:id/tasklist_finished"]], [[AndroidDriver:  on ANDROID (700899d8-3bb2-4b1c-b8d9-1b2723bfd7dd)] -> xpath: //android.widget.CheckBox[@resource-id="io.appium.android.apis:id/tasklist_finished"]], [[AndroidDriver:  on ANDROID (700899d8-3bb2-4b1c-b8d9-1b2723bfd7dd)] -> xpath: //android.widget.CheckBox[@resource-id="io.appium.android.apis:id/tasklist_finished"]], [[AndroidDriver:  on ANDROID (700899d8-3bb2-4b1c-b8d9-1b2723bfd7dd)] -> xpath: //android.widget.CheckBox[@resource-id="io.appium.android.apis:id/tasklist_finished"]], [[AndroidDriver:  on ANDROID (700899d8-3bb2-4b1c-b8d9-1b2723bfd7dd)] -> xpath: //android.widget.CheckBox[@resource-id="io.appium.android.apis:id/tasklist_finished"]], [[AndroidDriver:  on ANDROID (700899d8-3bb2-4b1c-b8d9-1b2723bfd7dd)] -> xpath: //android.widget.CheckBox[@resource-id="io.appium.android.apis:id/tasklist_finished"]]] with timeout = 20 seconds.
15:14:44.149 [main]INFO  test.TC2_AccessibilityTest - All elements are displayed after 0 seconds.
15:14:45.094 [main]INFO  test.TC2_AccessibilityTest - INTO getTextInElement method for element: [[AndroidDriver:  on ANDROID (700899d8-3bb2-4b1c-b8d9-1b2723bfd7dd)] -> xpath: //android.widget.ListView[@resource-id="android:id/list"]//android.widget.TextView]
15:14:45.138 [main]INFO  test.TC2_AccessibilityTest - Successfully retrieved text from element: Take out Trash
15:14:45.274 [main]INFO  test.TC2_AccessibilityTest - INTO getTextInElement method for element: [[AndroidDriver:  on ANDROID (700899d8-3bb2-4b1c-b8d9-1b2723bfd7dd)] -> xpath: //android.widget.ListView[@resource-id="android:id/list"]//android.widget.TextView]
15:14:45.312 [main]INFO  test.TC2_AccessibilityTest - Successfully retrieved text from element: Do Laundry
15:14:45.457 [main]INFO  test.TC2_AccessibilityTest - INTO getTextInElement method for element: [[AndroidDriver:  on ANDROID (700899d8-3bb2-4b1c-b8d9-1b2723bfd7dd)] -> xpath: //android.widget.ListView[@resource-id="android:id/list"]//android.widget.TextView]
15:14:45.493 [main]INFO  test.TC2_AccessibilityTest - Successfully retrieved text from element: Conquer World
15:14:45.615 [main]INFO  test.TC2_AccessibilityTest - INTO getTextInElement method for element: [[AndroidDriver:  on ANDROID (700899d8-3bb2-4b1c-b8d9-1b2723bfd7dd)] -> xpath: //android.widget.ListView[@resource-id="android:id/list"]//android.widget.TextView]
15:14:45.656 [main]INFO  test.TC2_AccessibilityTest - Successfully retrieved text from element: Nap
15:14:45.788 [main]INFO  test.TC2_AccessibilityTest - INTO getTextInElement method for element: [[AndroidDriver:  on ANDROID (700899d8-3bb2-4b1c-b8d9-1b2723bfd7dd)] -> xpath: //android.widget.ListView[@resource-id="android:id/list"]//android.widget.TextView]
15:14:45.828 [main]INFO  test.TC2_AccessibilityTest - Successfully retrieved text from element: Do Taxes
15:14:45.966 [main]INFO  test.TC2_AccessibilityTest - INTO getTextInElement method for element: [[AndroidDriver:  on ANDROID (700899d8-3bb2-4b1c-b8d9-1b2723bfd7dd)] -> xpath: //android.widget.ListView[@resource-id="android:id/list"]//android.widget.TextView]
15:14:46.013 [main]INFO  test.TC2_AccessibilityTest - Successfully retrieved text from element: Abolish IRS
15:14:46.157 [main]INFO  test.TC2_AccessibilityTest - INTO getTextInElement method for element: [[AndroidDriver:  on ANDROID (700899d8-3bb2-4b1c-b8d9-1b2723bfd7dd)] -> xpath: //android.widget.ListView[@resource-id="android:id/list"]//android.widget.TextView]
15:14:46.195 [main]INFO  test.TC2_AccessibilityTest - Successfully retrieved text from element: Tea with Aunt Sharon
15:14:46.370 [main]INFO  test.TC2_AccessibilityTest - INTO getTextInElement method for element: [[AndroidDriver:  on ANDROID (700899d8-3bb2-4b1c-b8d9-1b2723bfd7dd)] -> xpath: //android.widget.ListView[@resource-id="android:id/list"]//android.widget.TextView]
15:14:46.409 [main]INFO  test.TC2_AccessibilityTest - Successfully retrieved text from element: Take out Trash
15:14:47.095 [main]INFO  test.TC2_AccessibilityTest - Element clicked successfully: [[AndroidDriver:  on ANDROID (700899d8-3bb2-4b1c-b8d9-1b2723bfd7dd)] -> xpath: //android.widget.CheckBox[@resource-id="io.appium.android.apis:id/tasklist_finished"]]
15:14:47.416 [main]INFO  test.TC2_AccessibilityTest - INTO getTextInElement method for element: [[AndroidDriver:  on ANDROID (700899d8-3bb2-4b1c-b8d9-1b2723bfd7dd)] -> xpath: //android.widget.ListView[@resource-id="android:id/list"]//android.widget.TextView]
15:14:47.471 [main]INFO  test.TC2_AccessibilityTest - Successfully retrieved text from element: Take out Trash
15:14:47.613 [main]INFO  test.TC2_AccessibilityTest - INTO getTextInElement method for element: [[AndroidDriver:  on ANDROID (700899d8-3bb2-4b1c-b8d9-1b2723bfd7dd)] -> xpath: //android.widget.ListView[@resource-id="android:id/list"]//android.widget.TextView]
15:14:47.668 [main]INFO  test.TC2_AccessibilityTest - Successfully retrieved text from element: Do Laundry
15:14:48.451 [main]INFO  test.TC2_AccessibilityTest - Element clicked successfully: [[AndroidDriver:  on ANDROID (700899d8-3bb2-4b1c-b8d9-1b2723bfd7dd)] -> xpath: //android.widget.CheckBox[@resource-id="io.appium.android.apis:id/tasklist_finished"]]
15:14:48.674 [main]INFO  test.TC2_AccessibilityTest - INTO getTextInElement method for element: [[AndroidDriver:  on ANDROID (700899d8-3bb2-4b1c-b8d9-1b2723bfd7dd)] -> xpath: //android.widget.ListView[@resource-id="android:id/list"]//android.widget.TextView]
15:14:48.721 [main]INFO  test.TC2_AccessibilityTest - Successfully retrieved text from element: Take out Trash
15:14:48.894 [main]INFO  test.TC2_AccessibilityTest - INTO getTextInElement method for element: [[AndroidDriver:  on ANDROID (700899d8-3bb2-4b1c-b8d9-1b2723bfd7dd)] -> xpath: //android.widget.ListView[@resource-id="android:id/list"]//android.widget.TextView]
15:14:48.941 [main]INFO  test.TC2_AccessibilityTest - Successfully retrieved text from element: Do Laundry
15:14:49.058 [main]INFO  test.TC2_AccessibilityTest - INTO getTextInElement method for element: [[AndroidDriver:  on ANDROID (700899d8-3bb2-4b1c-b8d9-1b2723bfd7dd)] -> xpath: //android.widget.ListView[@resource-id="android:id/list"]//android.widget.TextView]
15:14:49.094 [main]INFO  test.TC2_AccessibilityTest - Successfully retrieved text from element: Conquer World
15:14:49.654 [main]INFO  test.TC2_AccessibilityTest - Element clicked successfully: [[AndroidDriver:  on ANDROID (700899d8-3bb2-4b1c-b8d9-1b2723bfd7dd)] -> xpath: //android.widget.CheckBox[@resource-id="io.appium.android.apis:id/tasklist_finished"]]
15:14:50.006 [main]INFO  test.TC2_AccessibilityTest - INTO getTextInElement method for element: [[AndroidDriver:  on ANDROID (700899d8-3bb2-4b1c-b8d9-1b2723bfd7dd)] -> xpath: //android.widget.ListView[@resource-id="android:id/list"]//android.widget.TextView]
15:14:50.043 [main]INFO  test.TC2_AccessibilityTest - Successfully retrieved text from element: Take out Trash
15:14:50.142 [main]INFO  test.TC2_AccessibilityTest - INTO getTextInElement method for element: [[AndroidDriver:  on ANDROID (700899d8-3bb2-4b1c-b8d9-1b2723bfd7dd)] -> xpath: //android.widget.ListView[@resource-id="android:id/list"]//android.widget.TextView]
15:14:50.178 [main]INFO  test.TC2_AccessibilityTest - Successfully retrieved text from element: Do Laundry
15:14:50.312 [main]INFO  test.TC2_AccessibilityTest - INTO getTextInElement method for element: [[AndroidDriver:  on ANDROID (700899d8-3bb2-4b1c-b8d9-1b2723bfd7dd)] -> xpath: //android.widget.ListView[@resource-id="android:id/list"]//android.widget.TextView]
15:14:50.346 [main]INFO  test.TC2_AccessibilityTest - Successfully retrieved text from element: Conquer World
15:14:50.498 [main]INFO  test.TC2_AccessibilityTest - INTO getTextInElement method for element: [[AndroidDriver:  on ANDROID (700899d8-3bb2-4b1c-b8d9-1b2723bfd7dd)] -> xpath: //android.widget.ListView[@resource-id="android:id/list"]//android.widget.TextView]
15:14:50.536 [main]INFO  test.TC2_AccessibilityTest - Successfully retrieved text from element: Nap
15:14:51.342 [main]INFO  test.TC2_AccessibilityTest - Element clicked successfully: [[AndroidDriver:  on ANDROID (700899d8-3bb2-4b1c-b8d9-1b2723bfd7dd)] -> xpath: //android.widget.CheckBox[@resource-id="io.appium.android.apis:id/tasklist_finished"]]
15:14:51.532 [main]INFO  test.TC2_AccessibilityTest - INTO getTextInElement method for element: [[AndroidDriver:  on ANDROID (700899d8-3bb2-4b1c-b8d9-1b2723bfd7dd)] -> xpath: //android.widget.ListView[@resource-id="android:id/list"]//android.widget.TextView]
15:14:51.583 [main]INFO  test.TC2_AccessibilityTest - Successfully retrieved text from element: Take out Trash
15:14:51.703 [main]INFO  test.TC2_AccessibilityTest - INTO getTextInElement method for element: [[AndroidDriver:  on ANDROID (700899d8-3bb2-4b1c-b8d9-1b2723bfd7dd)] -> xpath: //android.widget.ListView[@resource-id="android:id/list"]//android.widget.TextView]
15:14:51.745 [main]INFO  test.TC2_AccessibilityTest - Successfully retrieved text from element: Do Laundry
15:14:51.874 [main]INFO  test.TC2_AccessibilityTest - INTO getTextInElement method for element: [[AndroidDriver:  on ANDROID (700899d8-3bb2-4b1c-b8d9-1b2723bfd7dd)] -> xpath: //android.widget.ListView[@resource-id="android:id/list"]//android.widget.TextView]
15:14:51.930 [main]INFO  test.TC2_AccessibilityTest - Successfully retrieved text from element: Conquer World
15:14:52.037 [main]INFO  test.TC2_AccessibilityTest - INTO getTextInElement method for element: [[AndroidDriver:  on ANDROID (700899d8-3bb2-4b1c-b8d9-1b2723bfd7dd)] -> xpath: //android.widget.ListView[@resource-id="android:id/list"]//android.widget.TextView]
15:14:52.076 [main]INFO  test.TC2_AccessibilityTest - Successfully retrieved text from element: Nap
15:14:52.183 [main]INFO  test.TC2_AccessibilityTest - INTO getTextInElement method for element: [[AndroidDriver:  on ANDROID (700899d8-3bb2-4b1c-b8d9-1b2723bfd7dd)] -> xpath: //android.widget.ListView[@resource-id="android:id/list"]//android.widget.TextView]
15:14:52.223 [main]INFO  test.TC2_AccessibilityTest - Successfully retrieved text from element: Do Taxes
15:14:52.951 [main]INFO  test.TC2_AccessibilityTest - Element clicked successfully: [[AndroidDriver:  on ANDROID (700899d8-3bb2-4b1c-b8d9-1b2723bfd7dd)] -> xpath: //android.widget.CheckBox[@resource-id="io.appium.android.apis:id/tasklist_finished"]]
15:14:53.121 [main]INFO  test.TC2_AccessibilityTest - INTO getTextInElement method for element: [[AndroidDriver:  on ANDROID (700899d8-3bb2-4b1c-b8d9-1b2723bfd7dd)] -> xpath: //android.widget.ListView[@resource-id="android:id/list"]//android.widget.TextView]
15:14:53.163 [main]INFO  test.TC2_AccessibilityTest - Successfully retrieved text from element: Take out Trash
15:14:53.267 [main]INFO  test.TC2_AccessibilityTest - INTO getTextInElement method for element: [[AndroidDriver:  on ANDROID (700899d8-3bb2-4b1c-b8d9-1b2723bfd7dd)] -> xpath: //android.widget.ListView[@resource-id="android:id/list"]//android.widget.TextView]
15:14:53.382 [main]INFO  test.TC2_AccessibilityTest - Successfully retrieved text from element: Do Laundry
15:14:53.465 [main]INFO  test.TC2_AccessibilityTest - INTO getTextInElement method for element: [[AndroidDriver:  on ANDROID (700899d8-3bb2-4b1c-b8d9-1b2723bfd7dd)] -> xpath: //android.widget.ListView[@resource-id="android:id/list"]//android.widget.TextView]
15:14:53.497 [main]INFO  test.TC2_AccessibilityTest - Successfully retrieved text from element: Conquer World
15:14:53.570 [main]INFO  test.TC2_AccessibilityTest - INTO getTextInElement method for element: [[AndroidDriver:  on ANDROID (700899d8-3bb2-4b1c-b8d9-1b2723bfd7dd)] -> xpath: //android.widget.ListView[@resource-id="android:id/list"]//android.widget.TextView]
15:14:53.605 [main]INFO  test.TC2_AccessibilityTest - Successfully retrieved text from element: Nap
15:14:53.698 [main]INFO  test.TC2_AccessibilityTest - INTO getTextInElement method for element: [[AndroidDriver:  on ANDROID (700899d8-3bb2-4b1c-b8d9-1b2723bfd7dd)] -> xpath: //android.widget.ListView[@resource-id="android:id/list"]//android.widget.TextView]
15:14:53.734 [main]INFO  test.TC2_AccessibilityTest - Successfully retrieved text from element: Do Taxes
15:14:53.830 [main]INFO  test.TC2_AccessibilityTest - INTO getTextInElement method for element: [[AndroidDriver:  on ANDROID (700899d8-3bb2-4b1c-b8d9-1b2723bfd7dd)] -> xpath: //android.widget.ListView[@resource-id="android:id/list"]//android.widget.TextView]
15:14:53.867 [main]INFO  test.TC2_AccessibilityTest - Successfully retrieved text from element: Abolish IRS
15:14:54.488 [main]INFO  test.TC2_AccessibilityTest - Element clicked successfully: [[AndroidDriver:  on ANDROID (700899d8-3bb2-4b1c-b8d9-1b2723bfd7dd)] -> xpath: //android.widget.CheckBox[@resource-id="io.appium.android.apis:id/tasklist_finished"]]
15:14:54.835 [main]INFO  test.TC2_AccessibilityTest - INTO getTextInElement method for element: [[AndroidDriver:  on ANDROID (700899d8-3bb2-4b1c-b8d9-1b2723bfd7dd)] -> xpath: //android.widget.ListView[@resource-id="android:id/list"]//android.widget.TextView]
15:14:54.872 [main]INFO  test.TC2_AccessibilityTest - Successfully retrieved text from element: Take out Trash
15:14:54.957 [main]INFO  test.TC2_AccessibilityTest - INTO getTextInElement method for element: [[AndroidDriver:  on ANDROID (700899d8-3bb2-4b1c-b8d9-1b2723bfd7dd)] -> xpath: //android.widget.ListView[@resource-id="android:id/list"]//android.widget.TextView]
15:14:54.992 [main]INFO  test.TC2_AccessibilityTest - Successfully retrieved text from element: Do Laundry
15:14:55.145 [main]INFO  test.TC2_AccessibilityTest - INTO getTextInElement method for element: [[AndroidDriver:  on ANDROID (700899d8-3bb2-4b1c-b8d9-1b2723bfd7dd)] -> xpath: //android.widget.ListView[@resource-id="android:id/list"]//android.widget.TextView]
15:14:55.193 [main]INFO  test.TC2_AccessibilityTest - Successfully retrieved text from element: Conquer World
15:14:55.319 [main]INFO  test.TC2_AccessibilityTest - INTO getTextInElement method for element: [[AndroidDriver:  on ANDROID (700899d8-3bb2-4b1c-b8d9-1b2723bfd7dd)] -> xpath: //android.widget.ListView[@resource-id="android:id/list"]//android.widget.TextView]
15:14:55.367 [main]INFO  test.TC2_AccessibilityTest - Successfully retrieved text from element: Nap
15:14:55.470 [main]INFO  test.TC2_AccessibilityTest - INTO getTextInElement method for element: [[AndroidDriver:  on ANDROID (700899d8-3bb2-4b1c-b8d9-1b2723bfd7dd)] -> xpath: //android.widget.ListView[@resource-id="android:id/list"]//android.widget.TextView]
15:14:55.512 [main]INFO  test.TC2_AccessibilityTest - Successfully retrieved text from element: Do Taxes
15:14:55.615 [main]INFO  test.TC2_AccessibilityTest - INTO getTextInElement method for element: [[AndroidDriver:  on ANDROID (700899d8-3bb2-4b1c-b8d9-1b2723bfd7dd)] -> xpath: //android.widget.ListView[@resource-id="android:id/list"]//android.widget.TextView]
15:14:55.655 [main]INFO  test.TC2_AccessibilityTest - Successfully retrieved text from element: Abolish IRS
15:14:55.767 [main]INFO  test.TC2_AccessibilityTest - INTO getTextInElement method for element: [[AndroidDriver:  on ANDROID (700899d8-3bb2-4b1c-b8d9-1b2723bfd7dd)] -> xpath: //android.widget.ListView[@resource-id="android:id/list"]//android.widget.TextView]
15:14:55.806 [main]INFO  test.TC2_AccessibilityTest - Successfully retrieved text from element: Tea with Aunt Sharon
15:14:56.475 [main]INFO  test.TC2_AccessibilityTest - Element clicked successfully: [[AndroidDriver:  on ANDROID (700899d8-3bb2-4b1c-b8d9-1b2723bfd7dd)] -> xpath: //android.widget.CheckBox[@resource-id="io.appium.android.apis:id/tasklist_finished"]]
15:17:59.843 [main]INFO  test.TC2_AccessibilityTest - ************* DRIVER STARTED *************
15:17:59.847 [main]INFO  test.TC2_AccessibilityTest - ************* PLATFORM -> ANDROID
15:17:59.847 [main]INFO  test.TC2_AccessibilityTest - ************* INSTALLING APP -> ApiDemos-debug.apk
15:18:01.239 [main]INFO  test.TC2_AccessibilityTest - Element is displayed within 20 seconds
15:18:02.712 [main]INFO  test.TC2_AccessibilityTest - Element clicked successfully: Proxy element for: DefaultElementLocator 'By.xpath: //android.widget.TextView[@content-desc="Accessibility"]'
15:18:02.826 [main]INFO  test.TC2_AccessibilityTest - Element is displayed within 20 seconds
15:18:04.258 [main]INFO  test.TC2_AccessibilityTest - Element clicked successfully: Proxy element for: DefaultElementLocator 'By.xpath: //android.widget.TextView[@content-desc="Accessibility Node Querying"]'
15:18:04.327 [main]INFO  test.TC2_AccessibilityTest - INTO waitForElementsToBeDisplayed method for [[[AndroidDriver:  on ANDROID (9bd8713c-a1ee-4bfa-a9a3-ea1437ead085)] -> xpath: //android.widget.CheckBox[@resource-id="io.appium.android.apis:id/tasklist_finished"]], [[AndroidDriver:  on ANDROID (9bd8713c-a1ee-4bfa-a9a3-ea1437ead085)] -> xpath: //android.widget.CheckBox[@resource-id="io.appium.android.apis:id/tasklist_finished"]], [[AndroidDriver:  on ANDROID (9bd8713c-a1ee-4bfa-a9a3-ea1437ead085)] -> xpath: //android.widget.CheckBox[@resource-id="io.appium.android.apis:id/tasklist_finished"]], [[AndroidDriver:  on ANDROID (9bd8713c-a1ee-4bfa-a9a3-ea1437ead085)] -> xpath: //android.widget.CheckBox[@resource-id="io.appium.android.apis:id/tasklist_finished"]], [[AndroidDriver:  on ANDROID (9bd8713c-a1ee-4bfa-a9a3-ea1437ead085)] -> xpath: //android.widget.CheckBox[@resource-id="io.appium.android.apis:id/tasklist_finished"]], [[AndroidDriver:  on ANDROID (9bd8713c-a1ee-4bfa-a9a3-ea1437ead085)] -> xpath: //android.widget.CheckBox[@resource-id="io.appium.android.apis:id/tasklist_finished"]], [[AndroidDriver:  on ANDROID (9bd8713c-a1ee-4bfa-a9a3-ea1437ead085)] -> xpath: //android.widget.CheckBox[@resource-id="io.appium.android.apis:id/tasklist_finished"]]] with timeout = 20 seconds.
15:18:04.490 [main]INFO  test.TC2_AccessibilityTest - All elements are displayed after 0 seconds.
15:18:05.302 [main]INFO  test.TC2_AccessibilityTest - INTO getTextInElement method for element: [[AndroidDriver:  on ANDROID (9bd8713c-a1ee-4bfa-a9a3-ea1437ead085)] -> xpath: //android.widget.ListView[@resource-id="android:id/list"]//android.widget.TextView]
15:18:05.344 [main]INFO  test.TC2_AccessibilityTest - Successfully retrieved text from element: Take out Trash
15:18:05.495 [main]INFO  test.TC2_AccessibilityTest - INTO getTextInElement method for element: [[AndroidDriver:  on ANDROID (9bd8713c-a1ee-4bfa-a9a3-ea1437ead085)] -> xpath: //android.widget.ListView[@resource-id="android:id/list"]//android.widget.TextView]
15:18:05.538 [main]INFO  test.TC2_AccessibilityTest - Successfully retrieved text from element: Do Laundry
15:18:05.711 [main]INFO  test.TC2_AccessibilityTest - INTO getTextInElement method for element: [[AndroidDriver:  on ANDROID (9bd8713c-a1ee-4bfa-a9a3-ea1437ead085)] -> xpath: //android.widget.ListView[@resource-id="android:id/list"]//android.widget.TextView]
15:18:05.752 [main]INFO  test.TC2_AccessibilityTest - Successfully retrieved text from element: Conquer World
15:18:05.906 [main]INFO  test.TC2_AccessibilityTest - INTO getTextInElement method for element: [[AndroidDriver:  on ANDROID (9bd8713c-a1ee-4bfa-a9a3-ea1437ead085)] -> xpath: //android.widget.ListView[@resource-id="android:id/list"]//android.widget.TextView]
15:18:05.950 [main]INFO  test.TC2_AccessibilityTest - Successfully retrieved text from element: Nap
15:18:06.112 [main]INFO  test.TC2_AccessibilityTest - INTO getTextInElement method for element: [[AndroidDriver:  on ANDROID (9bd8713c-a1ee-4bfa-a9a3-ea1437ead085)] -> xpath: //android.widget.ListView[@resource-id="android:id/list"]//android.widget.TextView]
15:18:06.157 [main]INFO  test.TC2_AccessibilityTest - Successfully retrieved text from element: Do Taxes
15:18:06.308 [main]INFO  test.TC2_AccessibilityTest - INTO getTextInElement method for element: [[AndroidDriver:  on ANDROID (9bd8713c-a1ee-4bfa-a9a3-ea1437ead085)] -> xpath: //android.widget.ListView[@resource-id="android:id/list"]//android.widget.TextView]
15:18:06.349 [main]INFO  test.TC2_AccessibilityTest - Successfully retrieved text from element: Abolish IRS
15:18:06.505 [main]INFO  test.TC2_AccessibilityTest - INTO getTextInElement method for element: [[AndroidDriver:  on ANDROID (9bd8713c-a1ee-4bfa-a9a3-ea1437ead085)] -> xpath: //android.widget.ListView[@resource-id="android:id/list"]//android.widget.TextView]
15:18:06.544 [main]INFO  test.TC2_AccessibilityTest - Successfully retrieved text from element: Tea with Aunt Sharon
15:21:37.340 [main]INFO  test.TC2_AccessibilityTest - ************* DRIVER STARTED *************
15:21:37.343 [main]INFO  test.TC2_AccessibilityTest - ************* PLATFORM -> ANDROID
15:21:37.343 [main]INFO  test.TC2_AccessibilityTest - ************* INSTALLING APP -> ApiDemos-debug.apk
15:21:38.288 [main]INFO  test.TC2_AccessibilityTest - Element is displayed within 20 seconds
15:21:39.716 [main]INFO  test.TC2_AccessibilityTest - Element clicked successfully: Proxy element for: DefaultElementLocator 'By.xpath: //android.widget.TextView[@content-desc="Accessibility"]'
15:21:39.832 [main]INFO  test.TC2_AccessibilityTest - Element is displayed within 20 seconds
15:21:41.460 [main]INFO  test.TC2_AccessibilityTest - Element clicked successfully: Proxy element for: DefaultElementLocator 'By.xpath: //android.widget.TextView[@content-desc="Accessibility Node Querying"]'
15:21:41.591 [main]INFO  test.TC2_AccessibilityTest - INTO waitForElementsToBeDisplayed method for [[[AndroidDriver:  on ANDROID (3f2e8c6c-2772-4505-b1ab-bbba23bd6af8)] -> xpath: //android.widget.CheckBox[@resource-id="io.appium.android.apis:id/tasklist_finished"]], [[AndroidDriver:  on ANDROID (3f2e8c6c-2772-4505-b1ab-bbba23bd6af8)] -> xpath: //android.widget.CheckBox[@resource-id="io.appium.android.apis:id/tasklist_finished"]], [[AndroidDriver:  on ANDROID (3f2e8c6c-2772-4505-b1ab-bbba23bd6af8)] -> xpath: //android.widget.CheckBox[@resource-id="io.appium.android.apis:id/tasklist_finished"]], [[AndroidDriver:  on ANDROID (3f2e8c6c-2772-4505-b1ab-bbba23bd6af8)] -> xpath: //android.widget.CheckBox[@resource-id="io.appium.android.apis:id/tasklist_finished"]], [[AndroidDriver:  on ANDROID (3f2e8c6c-2772-4505-b1ab-bbba23bd6af8)] -> xpath: //android.widget.CheckBox[@resource-id="io.appium.android.apis:id/tasklist_finished"]], [[AndroidDriver:  on ANDROID (3f2e8c6c-2772-4505-b1ab-bbba23bd6af8)] -> xpath: //android.widget.CheckBox[@resource-id="io.appium.android.apis:id/tasklist_finished"]], [[AndroidDriver:  on ANDROID (3f2e8c6c-2772-4505-b1ab-bbba23bd6af8)] -> xpath: //android.widget.CheckBox[@resource-id="io.appium.android.apis:id/tasklist_finished"]]] with timeout = 20 seconds.
15:21:42.027 [main]INFO  test.TC2_AccessibilityTest - All elements are displayed after 0 seconds.
15:28:02.403 [main]INFO  test.TC2_AccessibilityTest - ************* DRIVER STARTED *************
15:28:02.406 [main]INFO  test.TC2_AccessibilityTest - ************* PLATFORM -> ANDROID
15:28:02.406 [main]INFO  test.TC2_AccessibilityTest - ************* INSTALLING APP -> ApiDemos-debug.apk
15:28:03.428 [main]INFO  test.TC2_AccessibilityTest - Element is displayed within 20 seconds
15:28:05.557 [main]INFO  test.TC2_AccessibilityTest - Element clicked successfully: Proxy element for: DefaultElementLocator 'By.xpath: //android.widget.TextView[@content-desc="Accessibility"]'
15:28:05.730 [main]INFO  test.TC2_AccessibilityTest - Element is displayed within 20 seconds
15:28:07.747 [main]INFO  test.TC2_AccessibilityTest - Element clicked successfully: Proxy element for: DefaultElementLocator 'By.xpath: //android.widget.TextView[@content-desc="Accessibility Node Querying"]'
15:28:07.827 [main]INFO  test.TC2_AccessibilityTest - INTO waitForElementsToBeDisplayed method for [[[AndroidDriver:  on ANDROID (c831d7ee-3b56-452c-8098-51adc4866a54)] -> xpath: //android.widget.CheckBox[@resource-id="io.appium.android.apis:id/tasklist_finished"]], [[AndroidDriver:  on ANDROID (c831d7ee-3b56-452c-8098-51adc4866a54)] -> xpath: //android.widget.CheckBox[@resource-id="io.appium.android.apis:id/tasklist_finished"]], [[AndroidDriver:  on ANDROID (c831d7ee-3b56-452c-8098-51adc4866a54)] -> xpath: //android.widget.CheckBox[@resource-id="io.appium.android.apis:id/tasklist_finished"]], [[AndroidDriver:  on ANDROID (c831d7ee-3b56-452c-8098-51adc4866a54)] -> xpath: //android.widget.CheckBox[@resource-id="io.appium.android.apis:id/tasklist_finished"]], [[AndroidDriver:  on ANDROID (c831d7ee-3b56-452c-8098-51adc4866a54)] -> xpath: //android.widget.CheckBox[@resource-id="io.appium.android.apis:id/tasklist_finished"]], [[AndroidDriver:  on ANDROID (c831d7ee-3b56-452c-8098-51adc4866a54)] -> xpath: //android.widget.CheckBox[@resource-id="io.appium.android.apis:id/tasklist_finished"]], [[AndroidDriver:  on ANDROID (c831d7ee-3b56-452c-8098-51adc4866a54)] -> xpath: //android.widget.CheckBox[@resource-id="io.appium.android.apis:id/tasklist_finished"]]] with timeout = 20 seconds.
15:28:08.272 [main]INFO  test.TC2_AccessibilityTest - All elements are displayed after 0 seconds.
15:29:21.839 [main]INFO  test.TC2_AccessibilityTest - ************* DRIVER STARTED *************
15:29:21.842 [main]INFO  test.TC2_AccessibilityTest - ************* PLATFORM -> ANDROID
15:29:21.842 [main]INFO  test.TC2_AccessibilityTest - ************* INSTALLING APP -> ApiDemos-debug.apk
15:29:22.837 [main]INFO  test.TC2_AccessibilityTest - Element is displayed within 20 seconds
15:29:24.703 [main]INFO  test.TC2_AccessibilityTest - Element clicked successfully: Proxy element for: DefaultElementLocator 'By.xpath: //android.widget.TextView[@content-desc="Accessibility"]'
15:29:24.919 [main]INFO  test.TC2_AccessibilityTest - Element is displayed within 20 seconds
15:29:26.969 [main]INFO  test.TC2_AccessibilityTest - Element clicked successfully: Proxy element for: DefaultElementLocator 'By.xpath: //android.widget.TextView[@content-desc="Accessibility Node Querying"]'
15:29:27.051 [main]INFO  test.TC2_AccessibilityTest - INTO waitForElementsToBeDisplayed method for [[[AndroidDriver:  on ANDROID (4a2f5dda-1b28-48e2-b5c7-debab53b091d)] -> xpath: //android.widget.CheckBox[@resource-id="io.appium.android.apis:id/tasklist_finished"]], [[AndroidDriver:  on ANDROID (4a2f5dda-1b28-48e2-b5c7-debab53b091d)] -> xpath: //android.widget.CheckBox[@resource-id="io.appium.android.apis:id/tasklist_finished"]], [[AndroidDriver:  on ANDROID (4a2f5dda-1b28-48e2-b5c7-debab53b091d)] -> xpath: //android.widget.CheckBox[@resource-id="io.appium.android.apis:id/tasklist_finished"]], [[AndroidDriver:  on ANDROID (4a2f5dda-1b28-48e2-b5c7-debab53b091d)] -> xpath: //android.widget.CheckBox[@resource-id="io.appium.android.apis:id/tasklist_finished"]], [[AndroidDriver:  on ANDROID (4a2f5dda-1b28-48e2-b5c7-debab53b091d)] -> xpath: //android.widget.CheckBox[@resource-id="io.appium.android.apis:id/tasklist_finished"]], [[AndroidDriver:  on ANDROID (4a2f5dda-1b28-48e2-b5c7-debab53b091d)] -> xpath: //android.widget.CheckBox[@resource-id="io.appium.android.apis:id/tasklist_finished"]], [[AndroidDriver:  on ANDROID (4a2f5dda-1b28-48e2-b5c7-debab53b091d)] -> xpath: //android.widget.CheckBox[@resource-id="io.appium.android.apis:id/tasklist_finished"]]] with timeout = 20 seconds.
15:29:27.409 [main]INFO  test.TC2_AccessibilityTest - All elements are displayed after 0 seconds.
15:29:28.067 [main]INFO  test.TC2_AccessibilityTest - INTO getTextInElement method for element: [[AndroidDriver:  on ANDROID (4a2f5dda-1b28-48e2-b5c7-debab53b091d)] -> xpath: //android.widget.ListView[@resource-id="android:id/list"]//android.widget.TextView]
15:29:28.112 [main]INFO  test.TC2_AccessibilityTest - Successfully retrieved text from element: Take out Trash
15:29:28.282 [main]INFO  test.TC2_AccessibilityTest - INTO getTextInElement method for element: [[AndroidDriver:  on ANDROID (4a2f5dda-1b28-48e2-b5c7-debab53b091d)] -> xpath: //android.widget.ListView[@resource-id="android:id/list"]//android.widget.TextView]
15:29:28.326 [main]INFO  test.TC2_AccessibilityTest - Successfully retrieved text from element: Do Laundry
15:29:28.568 [main]INFO  test.TC2_AccessibilityTest - INTO getTextInElement method for element: [[AndroidDriver:  on ANDROID (4a2f5dda-1b28-48e2-b5c7-debab53b091d)] -> xpath: //android.widget.ListView[@resource-id="android:id/list"]//android.widget.TextView]
15:29:28.621 [main]INFO  test.TC2_AccessibilityTest - Successfully retrieved text from element: Nap
15:29:29.022 [main]INFO  test.TC2_AccessibilityTest - INTO getTextInElement method for element: [[AndroidDriver:  on ANDROID (4a2f5dda-1b28-48e2-b5c7-debab53b091d)] -> xpath: //android.widget.ListView[@resource-id="android:id/list"]//android.widget.TextView]
15:29:29.071 [main]INFO  test.TC2_AccessibilityTest - Successfully retrieved text from element: Conquer World
15:29:29.267 [main]INFO  test.TC2_AccessibilityTest - INTO getTextInElement method for element: [[AndroidDriver:  on ANDROID (4a2f5dda-1b28-48e2-b5c7-debab53b091d)] -> xpath: //android.widget.ListView[@resource-id="android:id/list"]//android.widget.TextView]
15:29:29.316 [main]INFO  test.TC2_AccessibilityTest - Successfully retrieved text from element: Do Taxes
15:29:29.473 [main]INFO  test.TC2_AccessibilityTest - INTO getTextInElement method for element: [[AndroidDriver:  on ANDROID (4a2f5dda-1b28-48e2-b5c7-debab53b091d)] -> xpath: //android.widget.ListView[@resource-id="android:id/list"]//android.widget.TextView]
15:29:29.516 [main]INFO  test.TC2_AccessibilityTest - Successfully retrieved text from element: Abolish IRS
15:29:29.679 [main]INFO  test.TC2_AccessibilityTest - INTO getTextInElement method for element: [[AndroidDriver:  on ANDROID (4a2f5dda-1b28-48e2-b5c7-debab53b091d)] -> xpath: //android.widget.ListView[@resource-id="android:id/list"]//android.widget.TextView]
15:29:29.724 [main]INFO  test.TC2_AccessibilityTest - Successfully retrieved text from element: Tea with Aunt Sharon
15:29:29.928 [main]INFO  test.TC2_AccessibilityTest - INTO getTextInElement method for element: [[AndroidDriver:  on ANDROID (4a2f5dda-1b28-48e2-b5c7-debab53b091d)] -> xpath: //android.widget.ListView[@resource-id="android:id/list"]//android.widget.TextView]
15:29:29.967 [main]INFO  test.TC2_AccessibilityTest - Successfully retrieved text from element: Take out Trash
15:29:30.201 [main]INFO  test.TC2_AccessibilityTest - INTO getTextInElement method for element: [[AndroidDriver:  on ANDROID (4a2f5dda-1b28-48e2-b5c7-debab53b091d)] -> xpath: //android.widget.ListView[@resource-id="android:id/list"]//android.widget.TextView]
15:29:30.243 [main]INFO  test.TC2_AccessibilityTest - Successfully retrieved text from element: Take out Trash
15:29:30.378 [main]INFO  test.TC2_AccessibilityTest - INTO getTextInElement method for element: [[AndroidDriver:  on ANDROID (4a2f5dda-1b28-48e2-b5c7-debab53b091d)] -> xpath: //android.widget.ListView[@resource-id="android:id/list"]//android.widget.TextView]
15:29:30.426 [main]INFO  test.TC2_AccessibilityTest - Successfully retrieved text from element: Do Laundry
15:29:30.601 [main]INFO  test.TC2_AccessibilityTest - INTO getTextInElement method for element: [[AndroidDriver:  on ANDROID (4a2f5dda-1b28-48e2-b5c7-debab53b091d)] -> xpath: //android.widget.ListView[@resource-id="android:id/list"]//android.widget.TextView]
15:29:30.635 [main]INFO  test.TC2_AccessibilityTest - Successfully retrieved text from element: Take out Trash
15:29:30.739 [main]INFO  test.TC2_AccessibilityTest - INTO getTextInElement method for element: [[AndroidDriver:  on ANDROID (4a2f5dda-1b28-48e2-b5c7-debab53b091d)] -> xpath: //android.widget.ListView[@resource-id="android:id/list"]//android.widget.TextView]
15:29:30.772 [main]INFO  test.TC2_AccessibilityTest - Successfully retrieved text from element: Do Laundry
15:29:30.870 [main]INFO  test.TC2_AccessibilityTest - INTO getTextInElement method for element: [[AndroidDriver:  on ANDROID (4a2f5dda-1b28-48e2-b5c7-debab53b091d)] -> xpath: //android.widget.ListView[@resource-id="android:id/list"]//android.widget.TextView]
15:29:30.905 [main]INFO  test.TC2_AccessibilityTest - Successfully retrieved text from element: Conquer World
15:29:31.006 [main]INFO  test.TC2_AccessibilityTest - INTO getTextInElement method for element: [[AndroidDriver:  on ANDROID (4a2f5dda-1b28-48e2-b5c7-debab53b091d)] -> xpath: //android.widget.ListView[@resource-id="android:id/list"]//android.widget.TextView]
15:29:31.043 [main]INFO  test.TC2_AccessibilityTest - Successfully retrieved text from element: Nap
15:29:31.239 [main]INFO  test.TC2_AccessibilityTest - INTO getTextInElement method for element: [[AndroidDriver:  on ANDROID (4a2f5dda-1b28-48e2-b5c7-debab53b091d)] -> xpath: //android.widget.ListView[@resource-id="android:id/list"]//android.widget.TextView]
15:29:31.281 [main]INFO  test.TC2_AccessibilityTest - Successfully retrieved text from element: Take out Trash
15:29:31.403 [main]INFO  test.TC2_AccessibilityTest - INTO getTextInElement method for element: [[AndroidDriver:  on ANDROID (4a2f5dda-1b28-48e2-b5c7-debab53b091d)] -> xpath: //android.widget.ListView[@resource-id="android:id/list"]//android.widget.TextView]
15:29:31.463 [main]INFO  test.TC2_AccessibilityTest - Successfully retrieved text from element: Do Laundry
15:29:31.572 [main]INFO  test.TC2_AccessibilityTest - INTO getTextInElement method for element: [[AndroidDriver:  on ANDROID (4a2f5dda-1b28-48e2-b5c7-debab53b091d)] -> xpath: //android.widget.ListView[@resource-id="android:id/list"]//android.widget.TextView]
15:29:31.613 [main]INFO  test.TC2_AccessibilityTest - Successfully retrieved text from element: Conquer World
15:29:32.248 [main]INFO  test.TC2_AccessibilityTest - Element clicked successfully: [[AndroidDriver:  on ANDROID (4a2f5dda-1b28-48e2-b5c7-debab53b091d)] -> xpath: //android.widget.CheckBox[@resource-id="io.appium.android.apis:id/tasklist_finished"]]
15:29:32.579 [main]INFO  test.TC2_AccessibilityTest - INTO getTextInElement method for element: [[AndroidDriver:  on ANDROID (4a2f5dda-1b28-48e2-b5c7-debab53b091d)] -> xpath: //android.widget.ListView[@resource-id="android:id/list"]//android.widget.TextView]
15:29:32.629 [main]INFO  test.TC2_AccessibilityTest - Successfully retrieved text from element: Take out Trash
15:29:32.764 [main]INFO  test.TC2_AccessibilityTest - INTO getTextInElement method for element: [[AndroidDriver:  on ANDROID (4a2f5dda-1b28-48e2-b5c7-debab53b091d)] -> xpath: //android.widget.ListView[@resource-id="android:id/list"]//android.widget.TextView]
15:29:32.814 [main]INFO  test.TC2_AccessibilityTest - Successfully retrieved text from element: Do Laundry
15:29:32.959 [main]INFO  test.TC2_AccessibilityTest - INTO getTextInElement method for element: [[AndroidDriver:  on ANDROID (4a2f5dda-1b28-48e2-b5c7-debab53b091d)] -> xpath: //android.widget.ListView[@resource-id="android:id/list"]//android.widget.TextView]
15:29:33.007 [main]INFO  test.TC2_AccessibilityTest - Successfully retrieved text from element: Conquer World
15:29:33.128 [main]INFO  test.TC2_AccessibilityTest - INTO getTextInElement method for element: [[AndroidDriver:  on ANDROID (4a2f5dda-1b28-48e2-b5c7-debab53b091d)] -> xpath: //android.widget.ListView[@resource-id="android:id/list"]//android.widget.TextView]
15:29:33.168 [main]INFO  test.TC2_AccessibilityTest - Successfully retrieved text from element: Nap
15:29:33.275 [main]INFO  test.TC2_AccessibilityTest - INTO getTextInElement method for element: [[AndroidDriver:  on ANDROID (4a2f5dda-1b28-48e2-b5c7-debab53b091d)] -> xpath: //android.widget.ListView[@resource-id="android:id/list"]//android.widget.TextView]
15:29:33.317 [main]INFO  test.TC2_AccessibilityTest - Successfully retrieved text from element: Do Taxes
15:29:34.024 [main]INFO  test.TC2_AccessibilityTest - Element clicked successfully: [[AndroidDriver:  on ANDROID (4a2f5dda-1b28-48e2-b5c7-debab53b091d)] -> xpath: //android.widget.CheckBox[@resource-id="io.appium.android.apis:id/tasklist_finished"]]
15:29:34.227 [main]INFO  test.TC2_AccessibilityTest - INTO getTextInElement method for element: [[AndroidDriver:  on ANDROID (4a2f5dda-1b28-48e2-b5c7-debab53b091d)] -> xpath: //android.widget.ListView[@resource-id="android:id/list"]//android.widget.TextView]
15:29:34.271 [main]INFO  test.TC2_AccessibilityTest - Successfully retrieved text from element: Take out Trash
15:29:34.408 [main]INFO  test.TC2_AccessibilityTest - INTO getTextInElement method for element: [[AndroidDriver:  on ANDROID (4a2f5dda-1b28-48e2-b5c7-debab53b091d)] -> xpath: //android.widget.ListView[@resource-id="android:id/list"]//android.widget.TextView]
15:29:34.453 [main]INFO  test.TC2_AccessibilityTest - Successfully retrieved text from element: Do Laundry
15:29:34.556 [main]INFO  test.TC2_AccessibilityTest - INTO getTextInElement method for element: [[AndroidDriver:  on ANDROID (4a2f5dda-1b28-48e2-b5c7-debab53b091d)] -> xpath: //android.widget.ListView[@resource-id="android:id/list"]//android.widget.TextView]
15:29:34.592 [main]INFO  test.TC2_AccessibilityTest - Successfully retrieved text from element: Conquer World
15:29:34.685 [main]INFO  test.TC2_AccessibilityTest - INTO getTextInElement method for element: [[AndroidDriver:  on ANDROID (4a2f5dda-1b28-48e2-b5c7-debab53b091d)] -> xpath: //android.widget.ListView[@resource-id="android:id/list"]//android.widget.TextView]
15:29:34.718 [main]INFO  test.TC2_AccessibilityTest - Successfully retrieved text from element: Nap
15:29:34.821 [main]INFO  test.TC2_AccessibilityTest - INTO getTextInElement method for element: [[AndroidDriver:  on ANDROID (4a2f5dda-1b28-48e2-b5c7-debab53b091d)] -> xpath: //android.widget.ListView[@resource-id="android:id/list"]//android.widget.TextView]
15:29:34.856 [main]INFO  test.TC2_AccessibilityTest - Successfully retrieved text from element: Do Taxes
15:29:34.944 [main]INFO  test.TC2_AccessibilityTest - INTO getTextInElement method for element: [[AndroidDriver:  on ANDROID (4a2f5dda-1b28-48e2-b5c7-debab53b091d)] -> xpath: //android.widget.ListView[@resource-id="android:id/list"]//android.widget.TextView]
15:29:34.976 [main]INFO  test.TC2_AccessibilityTest - Successfully retrieved text from element: Abolish IRS
15:29:35.565 [main]INFO  test.TC2_AccessibilityTest - Element clicked successfully: [[AndroidDriver:  on ANDROID (4a2f5dda-1b28-48e2-b5c7-debab53b091d)] -> xpath: //android.widget.CheckBox[@resource-id="io.appium.android.apis:id/tasklist_finished"]]
15:29:35.883 [main]INFO  test.TC2_AccessibilityTest - INTO getTextInElement method for element: [[AndroidDriver:  on ANDROID (4a2f5dda-1b28-48e2-b5c7-debab53b091d)] -> xpath: //android.widget.ListView[@resource-id="android:id/list"]//android.widget.TextView]
15:29:35.916 [main]INFO  test.TC2_AccessibilityTest - Successfully retrieved text from element: Take out Trash
15:29:36.006 [main]INFO  test.TC2_AccessibilityTest - INTO getTextInElement method for element: [[AndroidDriver:  on ANDROID (4a2f5dda-1b28-48e2-b5c7-debab53b091d)] -> xpath: //android.widget.ListView[@resource-id="android:id/list"]//android.widget.TextView]
15:29:36.038 [main]INFO  test.TC2_AccessibilityTest - Successfully retrieved text from element: Do Laundry
15:29:36.151 [main]INFO  test.TC2_AccessibilityTest - INTO getTextInElement method for element: [[AndroidDriver:  on ANDROID (4a2f5dda-1b28-48e2-b5c7-debab53b091d)] -> xpath: //android.widget.ListView[@resource-id="android:id/list"]//android.widget.TextView]
15:29:36.188 [main]INFO  test.TC2_AccessibilityTest - Successfully retrieved text from element: Conquer World
15:29:36.289 [main]INFO  test.TC2_AccessibilityTest - INTO getTextInElement method for element: [[AndroidDriver:  on ANDROID (4a2f5dda-1b28-48e2-b5c7-debab53b091d)] -> xpath: //android.widget.ListView[@resource-id="android:id/list"]//android.widget.TextView]
15:29:36.325 [main]INFO  test.TC2_AccessibilityTest - Successfully retrieved text from element: Nap
15:29:36.416 [main]INFO  test.TC2_AccessibilityTest - INTO getTextInElement method for element: [[AndroidDriver:  on ANDROID (4a2f5dda-1b28-48e2-b5c7-debab53b091d)] -> xpath: //android.widget.ListView[@resource-id="android:id/list"]//android.widget.TextView]
15:29:36.465 [main]INFO  test.TC2_AccessibilityTest - Successfully retrieved text from element: Do Taxes
15:29:36.598 [main]INFO  test.TC2_AccessibilityTest - INTO getTextInElement method for element: [[AndroidDriver:  on ANDROID (4a2f5dda-1b28-48e2-b5c7-debab53b091d)] -> xpath: //android.widget.ListView[@resource-id="android:id/list"]//android.widget.TextView]
15:29:36.645 [main]INFO  test.TC2_AccessibilityTest - Successfully retrieved text from element: Abolish IRS
15:29:36.789 [main]INFO  test.TC2_AccessibilityTest - INTO getTextInElement method for element: [[AndroidDriver:  on ANDROID (4a2f5dda-1b28-48e2-b5c7-debab53b091d)] -> xpath: //android.widget.ListView[@resource-id="android:id/list"]//android.widget.TextView]
15:29:36.833 [main]INFO  test.TC2_AccessibilityTest - Successfully retrieved text from element: Tea with Aunt Sharon
15:29:37.916 [main]INFO  test.TC2_AccessibilityTest - Element clicked successfully: [[AndroidDriver:  on ANDROID (4a2f5dda-1b28-48e2-b5c7-debab53b091d)] -> xpath: //android.widget.CheckBox[@resource-id="io.appium.android.apis:id/tasklist_finished"]]
15:34:10.940 [main]INFO  test.TC2_AccessibilityTest - ************* DRIVER STARTED *************
15:34:10.943 [main]INFO  test.TC2_AccessibilityTest - ************* PLATFORM -> ANDROID
15:34:10.944 [main]INFO  test.TC2_AccessibilityTest - ************* INSTALLING APP -> ApiDemos-debug.apk
15:34:12.073 [main]INFO  test.TC2_AccessibilityTest - Element is displayed within 20 seconds
15:34:13.873 [main]INFO  test.TC2_AccessibilityTest - Element clicked successfully: Proxy element for: DefaultElementLocator 'By.xpath: //android.widget.TextView[@content-desc="Accessibility"]'
15:34:14.052 [main]INFO  test.TC2_AccessibilityTest - Element is displayed within 20 seconds
15:34:16.085 [main]INFO  test.TC2_AccessibilityTest - Element clicked successfully: Proxy element for: DefaultElementLocator 'By.xpath: //android.widget.TextView[@content-desc="Accessibility Node Querying"]'
15:34:16.182 [main]INFO  test.TC2_AccessibilityTest - INTO waitForElementsToBeDisplayed method for [[[AndroidDriver:  on ANDROID (c8800328-6b4e-4698-aa1e-9e9097b131fc)] -> xpath: //android.widget.CheckBox[@resource-id="io.appium.android.apis:id/tasklist_finished"]], [[AndroidDriver:  on ANDROID (c8800328-6b4e-4698-aa1e-9e9097b131fc)] -> xpath: //android.widget.CheckBox[@resource-id="io.appium.android.apis:id/tasklist_finished"]], [[AndroidDriver:  on ANDROID (c8800328-6b4e-4698-aa1e-9e9097b131fc)] -> xpath: //android.widget.CheckBox[@resource-id="io.appium.android.apis:id/tasklist_finished"]], [[AndroidDriver:  on ANDROID (c8800328-6b4e-4698-aa1e-9e9097b131fc)] -> xpath: //android.widget.CheckBox[@resource-id="io.appium.android.apis:id/tasklist_finished"]], [[AndroidDriver:  on ANDROID (c8800328-6b4e-4698-aa1e-9e9097b131fc)] -> xpath: //android.widget.CheckBox[@resource-id="io.appium.android.apis:id/tasklist_finished"]], [[AndroidDriver:  on ANDROID (c8800328-6b4e-4698-aa1e-9e9097b131fc)] -> xpath: //android.widget.CheckBox[@resource-id="io.appium.android.apis:id/tasklist_finished"]], [[AndroidDriver:  on ANDROID (c8800328-6b4e-4698-aa1e-9e9097b131fc)] -> xpath: //android.widget.CheckBox[@resource-id="io.appium.android.apis:id/tasklist_finished"]]] with timeout = 20 seconds.
15:34:16.554 [main]INFO  test.TC2_AccessibilityTest - All elements are displayed after 0 seconds.
15:34:17.238 [main]INFO  test.TC2_AccessibilityTest - INTO getTextInElement method for element: [[AndroidDriver:  on ANDROID (c8800328-6b4e-4698-aa1e-9e9097b131fc)] -> xpath: //android.widget.ListView[@resource-id="android:id/list"]//android.widget.TextView]
15:34:17.290 [main]INFO  test.TC2_AccessibilityTest - Successfully retrieved text from element: Take out Trash
15:34:17.466 [main]INFO  test.TC2_AccessibilityTest - INTO getTextInElement method for element: [[AndroidDriver:  on ANDROID (c8800328-6b4e-4698-aa1e-9e9097b131fc)] -> xpath: //android.widget.ListView[@resource-id="android:id/list"]//android.widget.TextView]
15:34:17.509 [main]INFO  test.TC2_AccessibilityTest - Successfully retrieved text from element: Do Laundry
15:34:17.696 [main]INFO  test.TC2_AccessibilityTest - INTO getTextInElement method for element: [[AndroidDriver:  on ANDROID (c8800328-6b4e-4698-aa1e-9e9097b131fc)] -> xpath: //android.widget.ListView[@resource-id="android:id/list"]//android.widget.TextView]
15:34:17.735 [main]INFO  test.TC2_AccessibilityTest - Successfully retrieved text from element: Nap
15:34:18.162 [main]INFO  test.TC2_AccessibilityTest - INTO getTextInElement method for element: [[AndroidDriver:  on ANDROID (c8800328-6b4e-4698-aa1e-9e9097b131fc)] -> xpath: //android.widget.ListView[@resource-id="android:id/list"]//android.widget.TextView]
15:34:18.222 [main]INFO  test.TC2_AccessibilityTest - Successfully retrieved text from element: Conquer World
15:34:18.449 [main]INFO  test.TC2_AccessibilityTest - INTO getTextInElement method for element: [[AndroidDriver:  on ANDROID (c8800328-6b4e-4698-aa1e-9e9097b131fc)] -> xpath: //android.widget.ListView[@resource-id="android:id/list"]//android.widget.TextView]
15:34:18.499 [main]INFO  test.TC2_AccessibilityTest - Successfully retrieved text from element: Do Taxes
15:34:18.675 [main]INFO  test.TC2_AccessibilityTest - INTO getTextInElement method for element: [[AndroidDriver:  on ANDROID (c8800328-6b4e-4698-aa1e-9e9097b131fc)] -> xpath: //android.widget.ListView[@resource-id="android:id/list"]//android.widget.TextView]
15:34:18.724 [main]INFO  test.TC2_AccessibilityTest - Successfully retrieved text from element: Abolish IRS
15:34:18.895 [main]INFO  test.TC2_AccessibilityTest - INTO getTextInElement method for element: [[AndroidDriver:  on ANDROID (c8800328-6b4e-4698-aa1e-9e9097b131fc)] -> xpath: //android.widget.ListView[@resource-id="android:id/list"]//android.widget.TextView]
15:34:18.944 [main]INFO  test.TC2_AccessibilityTest - Successfully retrieved text from element: Tea with Aunt Sharon
15:34:19.151 [main]INFO  test.TC2_AccessibilityTest - INTO getTextInElement method for element: [[AndroidDriver:  on ANDROID (c8800328-6b4e-4698-aa1e-9e9097b131fc)] -> xpath: //android.widget.ListView[@resource-id="android:id/list"]//android.widget.TextView]
15:34:19.189 [main]INFO  test.TC2_AccessibilityTest - Successfully retrieved text from element: Take out Trash
15:34:19.905 [main]INFO  test.TC2_AccessibilityTest - Element clicked successfully: [[AndroidDriver:  on ANDROID (c8800328-6b4e-4698-aa1e-9e9097b131fc)] -> xpath: //android.widget.CheckBox[@resource-id="io.appium.android.apis:id/tasklist_finished"]]
15:34:20.135 [main]INFO  test.TC2_AccessibilityTest - INTO getTextInElement method for element: [[AndroidDriver:  on ANDROID (c8800328-6b4e-4698-aa1e-9e9097b131fc)] -> xpath: //android.widget.ListView[@resource-id="android:id/list"]//android.widget.TextView]
15:34:20.172 [main]INFO  test.TC2_AccessibilityTest - Successfully retrieved text from element: Take out Trash
15:34:20.279 [main]INFO  test.TC2_AccessibilityTest - INTO getTextInElement method for element: [[AndroidDriver:  on ANDROID (c8800328-6b4e-4698-aa1e-9e9097b131fc)] -> xpath: //android.widget.ListView[@resource-id="android:id/list"]//android.widget.TextView]
15:34:20.314 [main]INFO  test.TC2_AccessibilityTest - Successfully retrieved text from element: Do Laundry
15:34:20.877 [main]INFO  test.TC2_AccessibilityTest - Element clicked successfully: [[AndroidDriver:  on ANDROID (c8800328-6b4e-4698-aa1e-9e9097b131fc)] -> xpath: //android.widget.CheckBox[@resource-id="io.appium.android.apis:id/tasklist_finished"]]
15:34:21.241 [main]INFO  test.TC2_AccessibilityTest - INTO getTextInElement method for element: [[AndroidDriver:  on ANDROID (c8800328-6b4e-4698-aa1e-9e9097b131fc)] -> xpath: //android.widget.ListView[@resource-id="android:id/list"]//android.widget.TextView]
15:34:21.277 [main]INFO  test.TC2_AccessibilityTest - Successfully retrieved text from element: Take out Trash
15:34:21.390 [main]INFO  test.TC2_AccessibilityTest - INTO getTextInElement method for element: [[AndroidDriver:  on ANDROID (c8800328-6b4e-4698-aa1e-9e9097b131fc)] -> xpath: //android.widget.ListView[@resource-id="android:id/list"]//android.widget.TextView]
15:34:21.428 [main]INFO  test.TC2_AccessibilityTest - Successfully retrieved text from element: Do Laundry
15:34:21.538 [main]INFO  test.TC2_AccessibilityTest - INTO getTextInElement method for element: [[AndroidDriver:  on ANDROID (c8800328-6b4e-4698-aa1e-9e9097b131fc)] -> xpath: //android.widget.ListView[@resource-id="android:id/list"]//android.widget.TextView]
15:34:21.578 [main]INFO  test.TC2_AccessibilityTest - Successfully retrieved text from element: Conquer World
15:34:21.690 [main]INFO  test.TC2_AccessibilityTest - INTO getTextInElement method for element: [[AndroidDriver:  on ANDROID (c8800328-6b4e-4698-aa1e-9e9097b131fc)] -> xpath: //android.widget.ListView[@resource-id="android:id/list"]//android.widget.TextView]
15:34:21.729 [main]INFO  test.TC2_AccessibilityTest - Successfully retrieved text from element: Nap
15:34:22.515 [main]INFO  test.TC2_AccessibilityTest - Element clicked successfully: [[AndroidDriver:  on ANDROID (c8800328-6b4e-4698-aa1e-9e9097b131fc)] -> xpath: //android.widget.CheckBox[@resource-id="io.appium.android.apis:id/tasklist_finished"]]
15:34:22.757 [main]INFO  test.TC2_AccessibilityTest - INTO getTextInElement method for element: [[AndroidDriver:  on ANDROID (c8800328-6b4e-4698-aa1e-9e9097b131fc)] -> xpath: //android.widget.ListView[@resource-id="android:id/list"]//android.widget.TextView]
15:34:22.802 [main]INFO  test.TC2_AccessibilityTest - Successfully retrieved text from element: Take out Trash
15:34:22.938 [main]INFO  test.TC2_AccessibilityTest - INTO getTextInElement method for element: [[AndroidDriver:  on ANDROID (c8800328-6b4e-4698-aa1e-9e9097b131fc)] -> xpath: //android.widget.ListView[@resource-id="android:id/list"]//android.widget.TextView]
15:34:22.979 [main]INFO  test.TC2_AccessibilityTest - Successfully retrieved text from element: Do Laundry
15:34:23.101 [main]INFO  test.TC2_AccessibilityTest - INTO getTextInElement method for element: [[AndroidDriver:  on ANDROID (c8800328-6b4e-4698-aa1e-9e9097b131fc)] -> xpath: //android.widget.ListView[@resource-id="android:id/list"]//android.widget.TextView]
15:34:23.142 [main]INFO  test.TC2_AccessibilityTest - Successfully retrieved text from element: Conquer World
15:34:23.850 [main]INFO  test.TC2_AccessibilityTest - Element clicked successfully: [[AndroidDriver:  on ANDROID (c8800328-6b4e-4698-aa1e-9e9097b131fc)] -> xpath: //android.widget.CheckBox[@resource-id="io.appium.android.apis:id/tasklist_finished"]]
15:34:24.098 [main]INFO  test.TC2_AccessibilityTest - INTO getTextInElement method for element: [[AndroidDriver:  on ANDROID (c8800328-6b4e-4698-aa1e-9e9097b131fc)] -> xpath: //android.widget.ListView[@resource-id="android:id/list"]//android.widget.TextView]
15:34:24.136 [main]INFO  test.TC2_AccessibilityTest - Successfully retrieved text from element: Take out Trash
15:34:24.232 [main]INFO  test.TC2_AccessibilityTest - INTO getTextInElement method for element: [[AndroidDriver:  on ANDROID (c8800328-6b4e-4698-aa1e-9e9097b131fc)] -> xpath: //android.widget.ListView[@resource-id="android:id/list"]//android.widget.TextView]
15:34:24.265 [main]INFO  test.TC2_AccessibilityTest - Successfully retrieved text from element: Do Laundry
15:34:24.358 [main]INFO  test.TC2_AccessibilityTest - INTO getTextInElement method for element: [[AndroidDriver:  on ANDROID (c8800328-6b4e-4698-aa1e-9e9097b131fc)] -> xpath: //android.widget.ListView[@resource-id="android:id/list"]//android.widget.TextView]
15:34:24.392 [main]INFO  test.TC2_AccessibilityTest - Successfully retrieved text from element: Conquer World
15:34:24.489 [main]INFO  test.TC2_AccessibilityTest - INTO getTextInElement method for element: [[AndroidDriver:  on ANDROID (c8800328-6b4e-4698-aa1e-9e9097b131fc)] -> xpath: //android.widget.ListView[@resource-id="android:id/list"]//android.widget.TextView]
15:34:24.524 [main]INFO  test.TC2_AccessibilityTest - Successfully retrieved text from element: Nap
15:34:24.623 [main]INFO  test.TC2_AccessibilityTest - INTO getTextInElement method for element: [[AndroidDriver:  on ANDROID (c8800328-6b4e-4698-aa1e-9e9097b131fc)] -> xpath: //android.widget.ListView[@resource-id="android:id/list"]//android.widget.TextView]
15:34:24.658 [main]INFO  test.TC2_AccessibilityTest - Successfully retrieved text from element: Do Taxes
15:34:25.259 [main]INFO  test.TC2_AccessibilityTest - Element clicked successfully: [[AndroidDriver:  on ANDROID (c8800328-6b4e-4698-aa1e-9e9097b131fc)] -> xpath: //android.widget.CheckBox[@resource-id="io.appium.android.apis:id/tasklist_finished"]]
15:34:25.579 [main]INFO  test.TC2_AccessibilityTest - INTO getTextInElement method for element: [[AndroidDriver:  on ANDROID (c8800328-6b4e-4698-aa1e-9e9097b131fc)] -> xpath: //android.widget.ListView[@resource-id="android:id/list"]//android.widget.TextView]
15:34:25.617 [main]INFO  test.TC2_AccessibilityTest - Successfully retrieved text from element: Take out Trash
15:34:25.705 [main]INFO  test.TC2_AccessibilityTest - INTO getTextInElement method for element: [[AndroidDriver:  on ANDROID (c8800328-6b4e-4698-aa1e-9e9097b131fc)] -> xpath: //android.widget.ListView[@resource-id="android:id/list"]//android.widget.TextView]
15:34:25.742 [main]INFO  test.TC2_AccessibilityTest - Successfully retrieved text from element: Do Laundry
15:34:25.842 [main]INFO  test.TC2_AccessibilityTest - INTO getTextInElement method for element: [[AndroidDriver:  on ANDROID (c8800328-6b4e-4698-aa1e-9e9097b131fc)] -> xpath: //android.widget.ListView[@resource-id="android:id/list"]//android.widget.TextView]
15:34:25.883 [main]INFO  test.TC2_AccessibilityTest - Successfully retrieved text from element: Conquer World
15:34:25.970 [main]INFO  test.TC2_AccessibilityTest - INTO getTextInElement method for element: [[AndroidDriver:  on ANDROID (c8800328-6b4e-4698-aa1e-9e9097b131fc)] -> xpath: //android.widget.ListView[@resource-id="android:id/list"]//android.widget.TextView]
15:34:26.018 [main]INFO  test.TC2_AccessibilityTest - Successfully retrieved text from element: Nap
15:34:26.176 [main]INFO  test.TC2_AccessibilityTest - INTO getTextInElement method for element: [[AndroidDriver:  on ANDROID (c8800328-6b4e-4698-aa1e-9e9097b131fc)] -> xpath: //android.widget.ListView[@resource-id="android:id/list"]//android.widget.TextView]
15:34:26.227 [main]INFO  test.TC2_AccessibilityTest - Successfully retrieved text from element: Do Taxes
15:34:26.353 [main]INFO  test.TC2_AccessibilityTest - INTO getTextInElement method for element: [[AndroidDriver:  on ANDROID (c8800328-6b4e-4698-aa1e-9e9097b131fc)] -> xpath: //android.widget.ListView[@resource-id="android:id/list"]//android.widget.TextView]
15:34:26.397 [main]INFO  test.TC2_AccessibilityTest - Successfully retrieved text from element: Abolish IRS
15:34:27.172 [main]INFO  test.TC2_AccessibilityTest - Element clicked successfully: [[AndroidDriver:  on ANDROID (c8800328-6b4e-4698-aa1e-9e9097b131fc)] -> xpath: //android.widget.CheckBox[@resource-id="io.appium.android.apis:id/tasklist_finished"]]
15:34:27.353 [main]INFO  test.TC2_AccessibilityTest - INTO getTextInElement method for element: [[AndroidDriver:  on ANDROID (c8800328-6b4e-4698-aa1e-9e9097b131fc)] -> xpath: //android.widget.ListView[@resource-id="android:id/list"]//android.widget.TextView]
15:34:27.396 [main]INFO  test.TC2_AccessibilityTest - Successfully retrieved text from element: Take out Trash
15:34:27.507 [main]INFO  test.TC2_AccessibilityTest - INTO getTextInElement method for element: [[AndroidDriver:  on ANDROID (c8800328-6b4e-4698-aa1e-9e9097b131fc)] -> xpath: //android.widget.ListView[@resource-id="android:id/list"]//android.widget.TextView]
15:34:27.549 [main]INFO  test.TC2_AccessibilityTest - Successfully retrieved text from element: Do Laundry
15:34:27.651 [main]INFO  test.TC2_AccessibilityTest - INTO getTextInElement method for element: [[AndroidDriver:  on ANDROID (c8800328-6b4e-4698-aa1e-9e9097b131fc)] -> xpath: //android.widget.ListView[@resource-id="android:id/list"]//android.widget.TextView]
15:34:27.694 [main]INFO  test.TC2_AccessibilityTest - Successfully retrieved text from element: Conquer World
15:34:27.805 [main]INFO  test.TC2_AccessibilityTest - INTO getTextInElement method for element: [[AndroidDriver:  on ANDROID (c8800328-6b4e-4698-aa1e-9e9097b131fc)] -> xpath: //android.widget.ListView[@resource-id="android:id/list"]//android.widget.TextView]
15:34:27.845 [main]INFO  test.TC2_AccessibilityTest - Successfully retrieved text from element: Nap
15:34:27.942 [main]INFO  test.TC2_AccessibilityTest - INTO getTextInElement method for element: [[AndroidDriver:  on ANDROID (c8800328-6b4e-4698-aa1e-9e9097b131fc)] -> xpath: //android.widget.ListView[@resource-id="android:id/list"]//android.widget.TextView]
15:34:27.981 [main]INFO  test.TC2_AccessibilityTest - Successfully retrieved text from element: Do Taxes
15:34:28.073 [main]INFO  test.TC2_AccessibilityTest - INTO getTextInElement method for element: [[AndroidDriver:  on ANDROID (c8800328-6b4e-4698-aa1e-9e9097b131fc)] -> xpath: //android.widget.ListView[@resource-id="android:id/list"]//android.widget.TextView]
15:34:28.108 [main]INFO  test.TC2_AccessibilityTest - Successfully retrieved text from element: Abolish IRS
15:34:28.212 [main]INFO  test.TC2_AccessibilityTest - INTO getTextInElement method for element: [[AndroidDriver:  on ANDROID (c8800328-6b4e-4698-aa1e-9e9097b131fc)] -> xpath: //android.widget.ListView[@resource-id="android:id/list"]//android.widget.TextView]
15:34:28.246 [main]INFO  test.TC2_AccessibilityTest - Successfully retrieved text from element: Tea with Aunt Sharon
15:34:28.792 [main]INFO  test.TC2_AccessibilityTest - Element clicked successfully: [[AndroidDriver:  on ANDROID (c8800328-6b4e-4698-aa1e-9e9097b131fc)] -> xpath: //android.widget.CheckBox[@resource-id="io.appium.android.apis:id/tasklist_finished"]]
15:40:18.593 [main]INFO  test.TC2_AccessibilityTest - ************* DRIVER STARTED *************
15:40:18.595 [main]INFO  test.TC2_AccessibilityTest - ************* PLATFORM -> ANDROID
15:40:18.595 [main]INFO  test.TC2_AccessibilityTest - ************* INSTALLING APP -> ApiDemos-debug.apk
15:40:20.082 [main]INFO  test.TC2_AccessibilityTest - Element is displayed within 20 seconds
15:40:26.424 [main]INFO  test.TC2_AccessibilityTest - Element clicked successfully: Proxy element for: DefaultElementLocator 'By.xpath: //android.widget.TextView[@content-desc="Accessibility"]'
15:40:26.591 [main]INFO  test.TC2_AccessibilityTest - Element is displayed within 20 seconds
15:40:34.608 [main]INFO  test.TC2_AccessibilityTest - Element clicked successfully: Proxy element for: DefaultElementLocator 'By.xpath: //android.widget.TextView[@content-desc="Accessibility Node Querying"]'
15:40:34.688 [main]INFO  test.TC2_AccessibilityTest - INTO waitForElementsToBeDisplayed method for [[[AndroidDriver:  on ANDROID (1d05a689-6b3d-49a2-a051-ee04ba58b34b)] -> xpath: //android.widget.CheckBox[@resource-id="io.appium.android.apis:id/tasklist_finished"]], [[AndroidDriver:  on ANDROID (1d05a689-6b3d-49a2-a051-ee04ba58b34b)] -> xpath: //android.widget.CheckBox[@resource-id="io.appium.android.apis:id/tasklist_finished"]], [[AndroidDriver:  on ANDROID (1d05a689-6b3d-49a2-a051-ee04ba58b34b)] -> xpath: //android.widget.CheckBox[@resource-id="io.appium.android.apis:id/tasklist_finished"]], [[AndroidDriver:  on ANDROID (1d05a689-6b3d-49a2-a051-ee04ba58b34b)] -> xpath: //android.widget.CheckBox[@resource-id="io.appium.android.apis:id/tasklist_finished"]], [[AndroidDriver:  on ANDROID (1d05a689-6b3d-49a2-a051-ee04ba58b34b)] -> xpath: //android.widget.CheckBox[@resource-id="io.appium.android.apis:id/tasklist_finished"]], [[AndroidDriver:  on ANDROID (1d05a689-6b3d-49a2-a051-ee04ba58b34b)] -> xpath: //android.widget.CheckBox[@resource-id="io.appium.android.apis:id/tasklist_finished"]], [[AndroidDriver:  on ANDROID (1d05a689-6b3d-49a2-a051-ee04ba58b34b)] -> xpath: //android.widget.CheckBox[@resource-id="io.appium.android.apis:id/tasklist_finished"]]] with timeout = 20 seconds.
15:40:34.928 [main]INFO  test.TC2_AccessibilityTest - All elements are displayed after 0 seconds.
15:40:35.692 [main]INFO  test.TC2_AccessibilityTest - INTO getTextInElement method for element: [[AndroidDriver:  on ANDROID (1d05a689-6b3d-49a2-a051-ee04ba58b34b)] -> xpath: //android.widget.ListView[@resource-id="android:id/list"]//android.widget.TextView]
15:40:35.763 [main]INFO  test.TC2_AccessibilityTest - Successfully retrieved text from element: Take out Trash
15:40:35.984 [main]INFO  test.TC2_AccessibilityTest - INTO getTextInElement method for element: [[AndroidDriver:  on ANDROID (1d05a689-6b3d-49a2-a051-ee04ba58b34b)] -> xpath: //android.widget.ListView[@resource-id="android:id/list"]//android.widget.TextView]
15:40:36.079 [main]INFO  test.TC2_AccessibilityTest - Successfully retrieved text from element: Do Laundry
15:40:38.221 [main]INFO  test.TC2_AccessibilityTest - INTO getTextInElement method for element: [[AndroidDriver:  on ANDROID (1d05a689-6b3d-49a2-a051-ee04ba58b34b)] -> xpath: //android.widget.ListView[@resource-id="android:id/list"]//android.widget.TextView]
15:40:38.313 [main]INFO  test.TC2_AccessibilityTest - Successfully retrieved text from element: Nap
15:40:39.117 [main]INFO  test.TC2_AccessibilityTest - INTO getTextInElement method for element: [[AndroidDriver:  on ANDROID (1d05a689-6b3d-49a2-a051-ee04ba58b34b)] -> xpath: //android.widget.ListView[@resource-id="android:id/list"]//android.widget.TextView]
15:40:39.182 [main]INFO  test.TC2_AccessibilityTest - Successfully retrieved text from element: Conquer World
15:40:40.897 [main]INFO  test.TC2_AccessibilityTest - INTO getTextInElement method for element: [[AndroidDriver:  on ANDROID (1d05a689-6b3d-49a2-a051-ee04ba58b34b)] -> xpath: //android.widget.ListView[@resource-id="android:id/list"]//android.widget.TextView]
15:40:40.992 [main]INFO  test.TC2_AccessibilityTest - Successfully retrieved text from element: Do Taxes
15:40:42.307 [main]INFO  test.TC2_AccessibilityTest - INTO getTextInElement method for element: [[AndroidDriver:  on ANDROID (1d05a689-6b3d-49a2-a051-ee04ba58b34b)] -> xpath: //android.widget.ListView[@resource-id="android:id/list"]//android.widget.TextView]
15:40:42.369 [main]INFO  test.TC2_AccessibilityTest - Successfully retrieved text from element: Abolish IRS
15:40:42.485 [main]INFO  test.TC2_AccessibilityTest - INTO getTextInElement method for element: [[AndroidDriver:  on ANDROID (1d05a689-6b3d-49a2-a051-ee04ba58b34b)] -> xpath: //android.widget.ListView[@resource-id="android:id/list"]//android.widget.TextView]
15:40:42.532 [main]INFO  test.TC2_AccessibilityTest - Successfully retrieved text from element: Tea with Aunt Sharon
15:40:42.736 [main]INFO  test.TC2_AccessibilityTest - INTO getTextInElement method for element: [[AndroidDriver:  on ANDROID (1d05a689-6b3d-49a2-a051-ee04ba58b34b)] -> xpath: //android.widget.ListView[@resource-id="android:id/list"]//android.widget.TextView]
15:40:42.810 [main]INFO  test.TC2_AccessibilityTest - Successfully retrieved text from element: Take out Trash
15:40:49.001 [main]INFO  test.TC2_AccessibilityTest - Element clicked successfully: [[AndroidDriver:  on ANDROID (1d05a689-6b3d-49a2-a051-ee04ba58b34b)] -> xpath: //android.widget.CheckBox[@resource-id="io.appium.android.apis:id/tasklist_finished"]]
15:40:50.488 [main]INFO  test.TC2_AccessibilityTest - INTO getTextInElement method for element: [[AndroidDriver:  on ANDROID (1d05a689-6b3d-49a2-a051-ee04ba58b34b)] -> xpath: //android.widget.ListView[@resource-id="android:id/list"]//android.widget.TextView]
15:40:50.565 [main]INFO  test.TC2_AccessibilityTest - Successfully retrieved text from element: Take out Trash
15:40:50.705 [main]INFO  test.TC2_AccessibilityTest - INTO getTextInElement method for element: [[AndroidDriver:  on ANDROID (1d05a689-6b3d-49a2-a051-ee04ba58b34b)] -> xpath: //android.widget.ListView[@resource-id="android:id/list"]//android.widget.TextView]
15:40:50.734 [main]INFO  test.TC2_AccessibilityTest - Successfully retrieved text from element: Do Laundry
15:40:54.295 [main]INFO  test.TC2_AccessibilityTest - Element clicked successfully: [[AndroidDriver:  on ANDROID (1d05a689-6b3d-49a2-a051-ee04ba58b34b)] -> xpath: //android.widget.CheckBox[@resource-id="io.appium.android.apis:id/tasklist_finished"]]
15:40:54.467 [main]INFO  test.TC2_AccessibilityTest - INTO getTextInElement method for element: [[AndroidDriver:  on ANDROID (1d05a689-6b3d-49a2-a051-ee04ba58b34b)] -> xpath: //android.widget.ListView[@resource-id="android:id/list"]//android.widget.TextView]
15:40:54.528 [main]INFO  test.TC2_AccessibilityTest - Successfully retrieved text from element: Take out Trash
15:40:54.667 [main]INFO  test.TC2_AccessibilityTest - INTO getTextInElement method for element: [[AndroidDriver:  on ANDROID (1d05a689-6b3d-49a2-a051-ee04ba58b34b)] -> xpath: //android.widget.ListView[@resource-id="android:id/list"]//android.widget.TextView]
15:40:54.774 [main]INFO  test.TC2_AccessibilityTest - Successfully retrieved text from element: Do Laundry
15:40:56.527 [main]INFO  test.TC2_AccessibilityTest - INTO getTextInElement method for element: [[AndroidDriver:  on ANDROID (1d05a689-6b3d-49a2-a051-ee04ba58b34b)] -> xpath: //android.widget.ListView[@resource-id="android:id/list"]//android.widget.TextView]
15:40:56.638 [main]INFO  test.TC2_AccessibilityTest - Successfully retrieved text from element: Conquer World
15:40:57.507 [main]INFO  test.TC2_AccessibilityTest - INTO getTextInElement method for element: [[AndroidDriver:  on ANDROID (1d05a689-6b3d-49a2-a051-ee04ba58b34b)] -> xpath: //android.widget.ListView[@resource-id="android:id/list"]//android.widget.TextView]
15:40:57.553 [main]INFO  test.TC2_AccessibilityTest - Successfully retrieved text from element: Nap
15:40:59.931 [main]INFO  test.TC2_AccessibilityTest - Element clicked successfully: [[AndroidDriver:  on ANDROID (1d05a689-6b3d-49a2-a051-ee04ba58b34b)] -> xpath: //android.widget.CheckBox[@resource-id="io.appium.android.apis:id/tasklist_finished"]]
15:41:00.105 [main]INFO  test.TC2_AccessibilityTest - INTO getTextInElement method for element: [[AndroidDriver:  on ANDROID (1d05a689-6b3d-49a2-a051-ee04ba58b34b)] -> xpath: //android.widget.ListView[@resource-id="android:id/list"]//android.widget.TextView]
15:41:00.139 [main]INFO  test.TC2_AccessibilityTest - Successfully retrieved text from element: Take out Trash
15:41:00.257 [main]INFO  test.TC2_AccessibilityTest - INTO getTextInElement method for element: [[AndroidDriver:  on ANDROID (1d05a689-6b3d-49a2-a051-ee04ba58b34b)] -> xpath: //android.widget.ListView[@resource-id="android:id/list"]//android.widget.TextView]
15:41:00.293 [main]INFO  test.TC2_AccessibilityTest - Successfully retrieved text from element: Do Laundry
15:41:00.442 [main]INFO  test.TC2_AccessibilityTest - INTO getTextInElement method for element: [[AndroidDriver:  on ANDROID (1d05a689-6b3d-49a2-a051-ee04ba58b34b)] -> xpath: //android.widget.ListView[@resource-id="android:id/list"]//android.widget.TextView]
15:41:01.298 [main]INFO  test.TC2_AccessibilityTest - Successfully retrieved text from element: Conquer World
15:41:02.273 [main]INFO  test.TC2_AccessibilityTest - Element clicked successfully: [[AndroidDriver:  on ANDROID (1d05a689-6b3d-49a2-a051-ee04ba58b34b)] -> xpath: //android.widget.CheckBox[@resource-id="io.appium.android.apis:id/tasklist_finished"]]
15:41:02.461 [main]INFO  test.TC2_AccessibilityTest - INTO getTextInElement method for element: [[AndroidDriver:  on ANDROID (1d05a689-6b3d-49a2-a051-ee04ba58b34b)] -> xpath: //android.widget.ListView[@resource-id="android:id/list"]//android.widget.TextView]
15:41:02.508 [main]INFO  test.TC2_AccessibilityTest - Successfully retrieved text from element: Take out Trash
15:41:02.620 [main]INFO  test.TC2_AccessibilityTest - INTO getTextInElement method for element: [[AndroidDriver:  on ANDROID (1d05a689-6b3d-49a2-a051-ee04ba58b34b)] -> xpath: //android.widget.ListView[@resource-id="android:id/list"]//android.widget.TextView]
15:41:02.665 [main]INFO  test.TC2_AccessibilityTest - Successfully retrieved text from element: Do Laundry
15:41:02.785 [main]INFO  test.TC2_AccessibilityTest - INTO getTextInElement method for element: [[AndroidDriver:  on ANDROID (1d05a689-6b3d-49a2-a051-ee04ba58b34b)] -> xpath: //android.widget.ListView[@resource-id="android:id/list"]//android.widget.TextView]
15:41:02.825 [main]INFO  test.TC2_AccessibilityTest - Successfully retrieved text from element: Conquer World
15:41:02.932 [main]INFO  test.TC2_AccessibilityTest - INTO getTextInElement method for element: [[AndroidDriver:  on ANDROID (1d05a689-6b3d-49a2-a051-ee04ba58b34b)] -> xpath: //android.widget.ListView[@resource-id="android:id/list"]//android.widget.TextView]
15:41:02.968 [main]INFO  test.TC2_AccessibilityTest - Successfully retrieved text from element: Nap
15:41:03.089 [main]INFO  test.TC2_AccessibilityTest - INTO getTextInElement method for element: [[AndroidDriver:  on ANDROID (1d05a689-6b3d-49a2-a051-ee04ba58b34b)] -> xpath: //android.widget.ListView[@resource-id="android:id/list"]//android.widget.TextView]
15:41:03.136 [main]INFO  test.TC2_AccessibilityTest - Successfully retrieved text from element: Do Taxes
15:41:04.960 [main]INFO  test.TC2_AccessibilityTest - Element clicked successfully: [[AndroidDriver:  on ANDROID (1d05a689-6b3d-49a2-a051-ee04ba58b34b)] -> xpath: //android.widget.CheckBox[@resource-id="io.appium.android.apis:id/tasklist_finished"]]
15:41:05.124 [main]INFO  test.TC2_AccessibilityTest - INTO getTextInElement method for element: [[AndroidDriver:  on ANDROID (1d05a689-6b3d-49a2-a051-ee04ba58b34b)] -> xpath: //android.widget.ListView[@resource-id="android:id/list"]//android.widget.TextView]
15:41:05.166 [main]INFO  test.TC2_AccessibilityTest - Successfully retrieved text from element: Take out Trash
15:41:05.257 [main]INFO  test.TC2_AccessibilityTest - INTO getTextInElement method for element: [[AndroidDriver:  on ANDROID (1d05a689-6b3d-49a2-a051-ee04ba58b34b)] -> xpath: //android.widget.ListView[@resource-id="android:id/list"]//android.widget.TextView]
15:41:05.295 [main]INFO  test.TC2_AccessibilityTest - Successfully retrieved text from element: Do Laundry
15:41:05.415 [main]INFO  test.TC2_AccessibilityTest - INTO getTextInElement method for element: [[AndroidDriver:  on ANDROID (1d05a689-6b3d-49a2-a051-ee04ba58b34b)] -> xpath: //android.widget.ListView[@resource-id="android:id/list"]//android.widget.TextView]
15:41:05.452 [main]INFO  test.TC2_AccessibilityTest - Successfully retrieved text from element: Conquer World
15:41:05.543 [main]INFO  test.TC2_AccessibilityTest - INTO getTextInElement method for element: [[AndroidDriver:  on ANDROID (1d05a689-6b3d-49a2-a051-ee04ba58b34b)] -> xpath: //android.widget.ListView[@resource-id="android:id/list"]//android.widget.TextView]
15:41:05.584 [main]INFO  test.TC2_AccessibilityTest - Successfully retrieved text from element: Nap
15:41:05.687 [main]INFO  test.TC2_AccessibilityTest - INTO getTextInElement method for element: [[AndroidDriver:  on ANDROID (1d05a689-6b3d-49a2-a051-ee04ba58b34b)] -> xpath: //android.widget.ListView[@resource-id="android:id/list"]//android.widget.TextView]
15:41:05.725 [main]INFO  test.TC2_AccessibilityTest - Successfully retrieved text from element: Do Taxes
15:41:05.835 [main]INFO  test.TC2_AccessibilityTest - INTO getTextInElement method for element: [[AndroidDriver:  on ANDROID (1d05a689-6b3d-49a2-a051-ee04ba58b34b)] -> xpath: //android.widget.ListView[@resource-id="android:id/list"]//android.widget.TextView]
15:41:05.882 [main]INFO  test.TC2_AccessibilityTest - Successfully retrieved text from element: Abolish IRS
15:41:06.635 [main]INFO  test.TC2_AccessibilityTest - Element clicked successfully: [[AndroidDriver:  on ANDROID (1d05a689-6b3d-49a2-a051-ee04ba58b34b)] -> xpath: //android.widget.CheckBox[@resource-id="io.appium.android.apis:id/tasklist_finished"]]
15:41:06.828 [main]INFO  test.TC2_AccessibilityTest - INTO getTextInElement method for element: [[AndroidDriver:  on ANDROID (1d05a689-6b3d-49a2-a051-ee04ba58b34b)] -> xpath: //android.widget.ListView[@resource-id="android:id/list"]//android.widget.TextView]
15:41:06.871 [main]INFO  test.TC2_AccessibilityTest - Successfully retrieved text from element: Take out Trash
15:41:07.028 [main]INFO  test.TC2_AccessibilityTest - INTO getTextInElement method for element: [[AndroidDriver:  on ANDROID (1d05a689-6b3d-49a2-a051-ee04ba58b34b)] -> xpath: //android.widget.ListView[@resource-id="android:id/list"]//android.widget.TextView]
15:41:07.095 [main]INFO  test.TC2_AccessibilityTest - Successfully retrieved text from element: Do Laundry
15:41:07.264 [main]INFO  test.TC2_AccessibilityTest - INTO getTextInElement method for element: [[AndroidDriver:  on ANDROID (1d05a689-6b3d-49a2-a051-ee04ba58b34b)] -> xpath: //android.widget.ListView[@resource-id="android:id/list"]//android.widget.TextView]
15:41:07.318 [main]INFO  test.TC2_AccessibilityTest - Successfully retrieved text from element: Conquer World
15:41:07.477 [main]INFO  test.TC2_AccessibilityTest - INTO getTextInElement method for element: [[AndroidDriver:  on ANDROID (1d05a689-6b3d-49a2-a051-ee04ba58b34b)] -> xpath: //android.widget.ListView[@resource-id="android:id/list"]//android.widget.TextView]
15:41:07.519 [main]INFO  test.TC2_AccessibilityTest - Successfully retrieved text from element: Nap
15:41:07.631 [main]INFO  test.TC2_AccessibilityTest - INTO getTextInElement method for element: [[AndroidDriver:  on ANDROID (1d05a689-6b3d-49a2-a051-ee04ba58b34b)] -> xpath: //android.widget.ListView[@resource-id="android:id/list"]//android.widget.TextView]
15:41:07.680 [main]INFO  test.TC2_AccessibilityTest - Successfully retrieved text from element: Do Taxes
15:41:07.788 [main]INFO  test.TC2_AccessibilityTest - INTO getTextInElement method for element: [[AndroidDriver:  on ANDROID (1d05a689-6b3d-49a2-a051-ee04ba58b34b)] -> xpath: //android.widget.ListView[@resource-id="android:id/list"]//android.widget.TextView]
15:41:07.838 [main]INFO  test.TC2_AccessibilityTest - Successfully retrieved text from element: Abolish IRS
15:41:07.975 [main]INFO  test.TC2_AccessibilityTest - INTO getTextInElement method for element: [[AndroidDriver:  on ANDROID (1d05a689-6b3d-49a2-a051-ee04ba58b34b)] -> xpath: //android.widget.ListView[@resource-id="android:id/list"]//android.widget.TextView]
15:41:08.018 [main]INFO  test.TC2_AccessibilityTest - Successfully retrieved text from element: Tea with Aunt Sharon
15:41:08.920 [main]INFO  test.TC2_AccessibilityTest - Element clicked successfully: [[AndroidDriver:  on ANDROID (1d05a689-6b3d-49a2-a051-ee04ba58b34b)] -> xpath: //android.widget.CheckBox[@resource-id="io.appium.android.apis:id/tasklist_finished"]]
